,,Ann. Return,Ann. Vol,Sharpe,Max Drawdown,Beta (0050),Avg Turnover
GMVP,MVO,0.0703445,0.117358,0.641276,-0.0745562,0.180745,0.342302
GMVP,MVO-round-P20,0.0446683,0.116636,0.429186,-0.0726306,0.152671,0.350298
GMVP,MVO-round-P100,0.0679237,0.117584,0.617956,-0.07492,0.178771,0.345174
GMVP,SA-cont,0.0700009,0.117366,0.638594,-0.0745565,0.180716,0.342137
GMVP,QUBO-P20,0.148582,0.13329,1.10919,-0.0932451,0.284796,0.6363
GMVP,QUBO-P100,0.183418,0.146123,1.25501,-0.120025,0.374981,0.5493
GMVP,MVO-cap10,0.0293285,0.132465,0.284087,-0.0970571,0.275712,0.347029
MSRP,MVO,0.195798,0.247139,0.847102,-0.177876,0.494053,0.824012
MSRP,MVO-round-P20,0.221444,0.249271,0.9272,-0.172026,0.502981,0.823767
MSRP,MVO-round-P100,0.19588,0.246679,0.848505,-0.176752,0.491089,0.827515
MSRP,SA-cont,0.195809,0.247136,0.847151,-0.177871,0.494051,0.824018
MSRP,QUBO-P20,0.268735,0.302293,0.902968,-0.218485,0.625636,0.818741
MSRP,QUBO-P100,0.3086,0.295825,1.0572,-0.212726,0.693341,0.75022
MSRP,MVO-cap10,0.213041,0.208117,1.02,-0.169079,0.515637,0.672962
