portfolio,method,eff_n,n_holdings,max_w
,EqualWeight,50,50,0.0200032
GMVP,MVO,3.17099,12.72,0.525789
GMVP,MVO-cap10,11.9023,19.08,0.1
GMVP,MVO-round-P100,3.17219,10.44,0.5256
GMVP,MVO-round-P20,3.01299,5.56,0.534
GMVP,Oracle,5.52018,14.4,0.366825
GMVP,QUBO-P100,13.5618,26.88,0.1552
GMVP,QUBO-P20,6.90394,11,0.288
GMVP,SA-cont,3.17027,12.36,0.525873
MSRP,MVO,4.6515,7.44,0.31827
MSRP,MVO-cap10,11.3108,14.44,0.1
MSRP,MVO-round-P100,4.64503,7.08,0.3184
MSRP,MVO-round-P20,4.65802,6.48,0.318
MSRP,Oracle,6.4445,9.4,0.256504
MSRP,QUBO-P100,7.96932,17.12,0.2612
MSRP,QUBO-P20,5.52773,8,0.32
MSRP,SA-cont,4.65155,7.44,0.318256
