precision,problem,penalty_factor,num_sweeps,loss,feasible_rate,repaired,time
20,GMVP,0.05,2000,0.189754,0.99,False,5.82741
20,GMVP,0.05,8000,0.125061,0.94,False,23.1405
20,GMVP,0.05,32000,0.0783375,0.94,False,100.866
20,GMVP,0.1,2000,0.204088,0.97,False,5.54405
20,GMVP,0.1,8000,0.241262,0.98,False,22.9401
20,GMVP,0.1,32000,0.214402,0.98,False,100.961
20,GMVP,0.25,2000,0.430735,1,False,5.61432
20,GMVP,0.25,8000,0.340325,0.99,False,23.2869
20,GMVP,0.25,32000,0.34251,0.99,False,101.878
20,GMVP,0.5,2000,0.500005,0.97,False,5.57444
20,GMVP,0.5,8000,0.47474,1,False,23.1931
20,GMVP,0.5,32000,0.418573,1,False,100.712
20,GMVP,1,2000,0.540194,0.98,False,5.55535
20,GMVP,1,8000,0.533206,0.97,False,23.1826
20,GMVP,1,32000,0.55159,1,False,102.048
20,GMVP,2,2000,0.62474,0.98,False,5.87753
20,GMVP,2,8000,0.545423,0.98,False,23.4043
20,GMVP,2,32000,0.583481,1,False,102.257
20,MV(gamma=5),0.05,2000,0.00443293,0.02,False,5.72833
20,MV(gamma=5),0.05,8000,0.00157268,0,True,23.1889
20,MV(gamma=5),0.05,32000,0.000149187,0,True,101.495
20,MV(gamma=5),0.1,2000,0.00687421,0.76,False,5.83687
20,MV(gamma=5),0.1,8000,0.00356148,0.72,False,24.6421
20,MV(gamma=5),0.1,32000,0.00412067,0.49,False,104.689
20,MV(gamma=5),0.25,2000,0.033804,0.98,False,5.85451
20,MV(gamma=5),0.25,8000,0.0279757,0.95,False,25.2053
20,MV(gamma=5),0.25,32000,0.0243891,0.98,False,107.038
20,MV(gamma=5),0.5,2000,0.0410704,0.98,False,6.15007
20,MV(gamma=5),0.5,8000,0.0485861,0.98,False,25.7631
20,MV(gamma=5),0.5,32000,0.0371082,0.98,False,107.607
20,MV(gamma=5),1,2000,0.0530823,0.97,False,6.59655
20,MV(gamma=5),1,8000,0.0442783,0.99,False,26.1367
20,MV(gamma=5),1,32000,0.0494873,0.98,False,107.646
20,MV(gamma=5),2,2000,0.0608336,0.97,False,6.69366
20,MV(gamma=5),2,8000,0.0723718,0.98,False,26.2438
20,MV(gamma=5),2,32000,0.0639099,0.99,False,108.259
100,GMVP,0.05,2000,0.316898,0.76,False,14.8697
100,GMVP,0.05,8000,0.23699,0.86,False,60.2224
100,GMVP,0.05,32000,0.224077,0.85,False,240.909
100,GMVP,0.1,2000,0.410942,0.94,False,15.3357
100,GMVP,0.1,8000,0.358185,0.95,False,60.4831
100,GMVP,0.1,32000,0.307557,0.98,False,237.717
100,GMVP,0.25,2000,0.505302,0.99,False,15.4172
100,GMVP,0.25,8000,0.43895,0.98,False,60.9178
100,GMVP,0.25,32000,0.511581,0.99,False,236.293
100,GMVP,0.5,2000,0.601481,0.99,False,15.2856
100,GMVP,0.5,8000,0.497433,1,False,60.573
100,GMVP,0.5,32000,0.549428,1,False,232.828
100,GMVP,1,2000,0.641845,0.99,False,15.1528
100,GMVP,1,8000,0.590833,1,False,61.7535
100,GMVP,1,32000,0.608583,0.98,False,227.838
100,GMVP,2,2000,0.699079,0.99,False,15.3554
100,GMVP,2,8000,0.577602,0.99,False,62.5897
100,GMVP,2,32000,0.620756,0.99,False,226.099
100,MV(gamma=5),0.05,2000,0.026301,0.6,False,15.2199
100,MV(gamma=5),0.05,8000,0.02308,0.48,False,61.4649
100,MV(gamma=5),0.05,32000,0.0224758,0.48,False,215.43
100,MV(gamma=5),0.1,2000,0.0414924,0.97,False,15.4746
100,MV(gamma=5),0.1,8000,0.0399029,0.93,False,62.1755
100,MV(gamma=5),0.1,32000,0.0355743,0.97,False,211.509
100,MV(gamma=5),0.25,2000,0.0535208,0.97,False,15.4825
100,MV(gamma=5),0.25,8000,0.0506691,1,False,62.1994
100,MV(gamma=5),0.25,32000,0.0488918,0.95,False,203.174
100,MV(gamma=5),0.5,2000,0.0644318,0.99,False,15.6097
100,MV(gamma=5),0.5,8000,0.0588788,0.99,False,62.2678
100,MV(gamma=5),0.5,32000,0.0666762,0.98,False,193.734
100,MV(gamma=5),1,2000,0.0743497,0.99,False,15.9309
100,MV(gamma=5),1,8000,0.0720855,1,False,59.5526
100,MV(gamma=5),1,32000,0.0659064,0.97,False,178.379
100,MV(gamma=5),2,2000,0.0739575,1,False,15.6936
100,MV(gamma=5),2,8000,0.0742712,0.99,False,58.9096
100,MV(gamma=5),2,32000,0.0774296,0.98,False,160.653
