,method,estimator,portfolio,Total Return,Ann. Return,Ann. Vol,Sharpe,Max Drawdown,Calmar,Avg Turnover,Avg Cost,Beta (0050)
MVO|Sample|GMVP,MVO,Sample,GMVP,0.117136,0.0961686,0.117759,0.838962,-0.0745562,1.28988,0.341734,0.00111415,0.180745
MVO|Sample|MSRP,MVO,Sample,MSRP,0.240744,0.195798,0.247139,0.847102,-0.177876,1.10075,0.847726,0.0040742,0.494053
SA-cont|Sample|GMVP,SA-cont,Sample,GMVP,0.117113,0.0961496,0.117762,0.838793,-0.0745565,1.28962,0.341727,0.0011141,0.180716
SA-cont|Sample|MSRP,SA-cont,Sample,MSRP,0.240759,0.195809,0.247136,0.847151,-0.177871,1.10085,0.847717,0.00407414,0.494051
MVO-round-P20|Sample|GMVP,MVO-round-P20,Sample,GMVP,0.113839,0.0934859,0.121178,0.7983,-0.0783862,1.19263,0.350298,0.00116425,0.152671
MVO-round-P20|Sample|MSRP,MVO-round-P20,Sample,MSRP,0.272916,0.221444,0.249271,0.9272,-0.172026,1.28727,0.854526,0.00411398,0.502981
QUBO-P20|Sample|GMVP,QUBO-P20,Sample,GMVP,0.260805,0.211802,0.132592,1.51625,-0.0932451,2.27146,0.668275,0.00302441,0.284796
QUBO-P20|Sample|MSRP,QUBO-P20,Sample,MSRP,0.262508,0.213159,0.302293,0.789951,-0.221623,0.96181,0.765231,0.0035916,0.620166
MVO-round-P100|Sample|GMVP,MVO-round-P100,Sample,GMVP,0.127963,0.104968,0.117798,0.906631,-0.0734503,1.4291,0.343781,0.00112612,0.183995
MVO-round-P100|Sample|MSRP,MVO-round-P100,Sample,MSRP,0.240848,0.19588,0.246679,0.848505,-0.176752,1.10822,0.84785,0.00407492,0.491089
QUBO-P100|Sample|GMVP,QUBO-P100,Sample,GMVP,0.218498,0.177997,0.148008,1.1817,-0.131287,1.35578,0.5493,0.0023284,0.389383
QUBO-P100|Sample|MSRP,QUBO-P100,Sample,MSRP,0.410218,0.32969,0.313342,1.06602,-0.225414,1.4626,0.717702,0.00331356,0.743664
MVO|EWMA|GMVP,MVO,EWMA,GMVP,0.118485,0.0972656,0.113936,0.872074,-0.0750318,1.29632,0.448338,0.00173778,0.181699
MVO|EWMA|MSRP,MVO,EWMA,MSRP,0.0913299,0.0751364,0.214729,0.444808,-0.158215,0.474901,0.871895,0.00421559,0.431119
SA-cont|EWMA|GMVP,SA-cont,EWMA,GMVP,0.118558,0.0973254,0.113937,0.872552,-0.0750078,1.29754,0.448384,0.00173805,0.181704
SA-cont|EWMA|MSRP,SA-cont,EWMA,MSRP,0.0913345,0.0751402,0.21473,0.444823,-0.158219,0.474912,0.87189,0.00421556,0.43113
MVO-round-P20|EWMA|GMVP,MVO-round-P20,EWMA,GMVP,0.0866368,0.0713024,0.11463,0.658455,-0.0717398,0.993903,0.45091,0.00175282,0.157111
MVO-round-P20|EWMA|MSRP,MVO-round-P20,EWMA,MSRP,0.0489954,0.0404476,0.212425,0.29291,-0.163095,0.248001,0.883204,0.00428174,0.41372
QUBO-P20|EWMA|GMVP,QUBO-P20,EWMA,GMVP,0.176528,0.144262,0.14075,1.02841,-0.116318,1.24024,0.659534,0.00297328,0.299971
QUBO-P20|EWMA|MSRP,QUBO-P20,EWMA,MSRP,0.118944,0.0976393,0.246571,0.50094,-0.176015,0.554722,0.856075,0.00412304,0.557194
MVO-round-P100|EWMA|GMVP,MVO-round-P100,EWMA,GMVP,0.114638,0.0941365,0.113852,0.847547,-0.0772861,1.21803,0.448361,0.00173791,0.178771
MVO-round-P100|EWMA|MSRP,MVO-round-P100,EWMA,MSRP,0.0857631,0.0705883,0.214579,0.425202,-0.158753,0.444641,0.871937,0.00421583,0.429764
QUBO-P100|EWMA|GMVP,QUBO-P100,EWMA,GMVP,0.231446,0.188364,0.146123,1.25501,-0.120025,1.56938,0.643937,0.00288203,0.382827
QUBO-P100|EWMA|MSRP,QUBO-P100,EWMA,MSRP,0.252737,0.205371,0.229764,0.928306,-0.182695,1.12412,0.749299,0.0034984,0.565834
MVO|LW-Identity|GMVP,MVO,LW-Identity,GMVP,0.0841204,0.0692455,0.120641,0.615725,-0.0828988,0.835301,0.371771,0.00128986,0.225776
MVO|LW-Identity|MSRP,MVO,LW-Identity,MSRP,0.280567,0.227526,0.257506,0.924859,-0.192136,1.18419,0.802615,0.0038103,0.544091
SA-cont|LW-Identity|GMVP,SA-cont,LW-Identity,GMVP,0.0841884,0.0693011,0.120645,0.616139,-0.0829228,0.83573,0.371686,0.00128937,0.225806
SA-cont|LW-Identity|MSRP,SA-cont,LW-Identity,MSRP,0.280596,0.22755,0.257507,0.924929,-0.192136,1.18431,0.8026,0.00381021,0.544099
MVO-round-P20|LW-Identity|GMVP,MVO-round-P20,LW-Identity,GMVP,0.054131,0.0446683,0.125534,0.411168,-0.0816272,0.547223,0.393917,0.00141942,0.196449
MVO-round-P20|LW-Identity|MSRP,MVO-round-P20,LW-Identity,MSRP,0.301414,0.244068,0.262017,0.964481,-0.18955,1.28762,0.795417,0.00376819,0.563811
QUBO-P20|LW-Identity|GMVP,QUBO-P20,LW-Identity,GMVP,0.191266,0.156132,0.13329,1.15583,-0.0982658,1.58887,0.567491,0.00243482,0.311057
QUBO-P20|LW-Identity|MSRP,QUBO-P20,LW-Identity,MSRP,0.391285,0.314875,0.334285,0.985853,-0.22736,1.38492,0.813159,0.00387198,0.758878
MVO-round-P100|LW-Identity|GMVP,MVO-round-P100,LW-Identity,GMVP,0.0766899,0.0631669,0.120391,0.569384,-0.0821137,0.769262,0.375591,0.00131221,0.220705
MVO-round-P100|LW-Identity|MSRP,MVO-round-P100,LW-Identity,MSRP,0.282862,0.22935,0.257187,0.93147,-0.192424,1.1919,0.80452,0.00382144,0.54386
QUBO-P100|LW-Identity|GMVP,QUBO-P100,LW-Identity,GMVP,0.268989,0.218319,0.145832,1.42811,-0.11423,1.91122,0.538944,0.00226782,0.374981
QUBO-P100|LW-Identity|MSRP,QUBO-P100,LW-Identity,MSRP,0.312794,0.25308,0.284945,0.934333,-0.212726,1.1897,0.759726,0.0035594,0.693341
MVO|LW-ConstCorr|GMVP,MVO,LW-ConstCorr,GMVP,0.0645155,0.0531921,0.117358,0.500552,-0.0697231,0.762904,0.338642,0.00109606,0.139158
MVO|LW-ConstCorr|MSRP,MVO,LW-ConstCorr,MSRP,0.293541,0.237827,0.257084,0.958567,-0.194471,1.22295,0.816896,0.00389384,0.537899
SA-cont|LW-ConstCorr|GMVP,SA-cont,LW-ConstCorr,GMVP,0.0642917,0.0530085,0.117366,0.49904,-0.0697178,0.76033,0.338457,0.00109497,0.139043
SA-cont|LW-ConstCorr|MSRP,SA-cont,LW-ConstCorr,MSRP,0.293543,0.237828,0.257083,0.958574,-0.19447,1.22296,0.816888,0.00389379,0.537895
MVO-round-P20|LW-ConstCorr|GMVP,MVO-round-P20,LW-ConstCorr,GMVP,0.0535309,0.0441753,0.116636,0.429186,-0.070217,0.629125,0.33891,0.00109762,0.134914
MVO-round-P20|LW-ConstCorr|MSRP,MVO-round-P20,LW-ConstCorr,MSRP,0.278185,0.225633,0.25248,0.932221,-0.191931,1.1756,0.814637,0.00388063,0.519432
QUBO-P20|LW-ConstCorr|GMVP,QUBO-P20,LW-ConstCorr,GMVP,0.176774,0.14446,0.13634,1.05858,-0.0862226,1.67544,0.578619,0.00249992,0.28324
QUBO-P20|LW-ConstCorr|MSRP,QUBO-P20,LW-ConstCorr,MSRP,0.407475,0.327546,0.289581,1.12326,-0.204548,1.60132,0.832725,0.00398644,0.625636
MVO-round-P100|LW-ConstCorr|GMVP,MVO-round-P100,LW-ConstCorr,GMVP,0.0683262,0.0563164,0.117275,0.526072,-0.0694632,0.810737,0.338359,0.0010944,0.139758
MVO-round-P100|LW-ConstCorr|MSRP,MVO-round-P100,LW-ConstCorr,MSRP,0.293868,0.238087,0.257658,0.957824,-0.194871,1.22177,0.815699,0.00388684,0.539866
QUBO-P100|LW-ConstCorr|GMVP,QUBO-P100,LW-ConstCorr,GMVP,0.182106,0.148757,0.146834,1.01884,-0.123479,1.20471,0.551274,0.00233995,0.35222
QUBO-P100|LW-ConstCorr|MSRP,QUBO-P100,LW-ConstCorr,MSRP,0.516708,0.412402,0.350328,1.16061,-0.219283,1.88068,0.785854,0.00371225,0.828027
MVO|LW-SingleFactor|GMVP,MVO,LW-SingleFactor,GMVP,0.0854648,0.0703445,0.116675,0.641276,-0.0744691,0.944613,0.342302,0.00111747,0.167218
MVO|LW-SingleFactor|MSRP,MVO,LW-SingleFactor,MSRP,0.225938,0.183956,0.238611,0.827065,-0.171888,1.07021,0.824012,0.00393547,0.479248
SA-cont|LW-SingleFactor|GMVP,SA-cont,LW-SingleFactor,GMVP,0.0850445,0.0700009,0.116659,0.638594,-0.0745375,0.939137,0.342137,0.0011165,0.166999
SA-cont|LW-SingleFactor|MSRP,SA-cont,LW-SingleFactor,MSRP,0.225961,0.183975,0.238613,0.827127,-0.17189,1.07031,0.824018,0.00393551,0.47925
MVO-round-P20|LW-SingleFactor|GMVP,MVO-round-P20,LW-SingleFactor,GMVP,0.032757,0.0270787,0.115666,0.288981,-0.0726306,0.372828,0.337483,0.00108928,0.131667
MVO-round-P20|LW-SingleFactor|MSRP,MVO-round-P20,LW-SingleFactor,MSRP,0.238098,0.193683,0.23731,0.864817,-0.16393,1.1815,0.823767,0.00393403,0.47843
QUBO-P20|LW-SingleFactor|GMVP,QUBO-P20,LW-SingleFactor,GMVP,0.181888,0.148582,0.132959,1.10919,-0.0879493,1.6894,0.6363,0.00283736,0.279322
QUBO-P20|LW-SingleFactor|MSRP,QUBO-P20,LW-SingleFactor,MSRP,0.332605,0.268735,0.320415,0.902968,-0.218485,1.22999,0.818741,0.00390464,0.711864
MVO-round-P100|LW-SingleFactor|GMVP,MVO-round-P100,LW-SingleFactor,GMVP,0.0825039,0.0679237,0.117584,0.617956,-0.07492,0.906617,0.345174,0.00113427,0.165256
MVO-round-P100|LW-SingleFactor|MSRP,MVO-round-P100,LW-SingleFactor,MSRP,0.22704,0.184839,0.239651,0.827624,-0.172669,1.07048,0.827515,0.00395597,0.479122
QUBO-P100|LW-SingleFactor|GMVP,QUBO-P100,LW-SingleFactor,GMVP,0.225265,0.183418,0.137252,1.29657,-0.105311,1.74168,0.520794,0.00216165,0.349318
QUBO-P100|LW-SingleFactor|MSRP,QUBO-P100,LW-SingleFactor,MSRP,0.38328,0.3086,0.295825,1.0572,-0.197887,1.55947,0.75022,0.00350379,0.662914
EqualWeight,EqualWeight,,,0.810783,0.635904,0.231132,2.24743,-0.205195,3.09901,0.28731,0.000795763,0.74795
Oracle|Realized|GMVP,Oracle,Realized,GMVP,0.112639,0.0925094,0.0863235,1.06836,-0.0486852,1.90015,0.722859,0.00334373,0.135232
Oracle|Realized|MSRP,Oracle,Realized,MSRP,2.86633,2.06789,0.238842,4.8232,-0.174492,11.8509,0.882763,0.00427916,0.628956
MVO-cap10|Sample|GMVP,MVO-cap10,Sample,GMVP,0.0354867,0.0293285,0.133192,0.284087,-0.0999683,0.293378,0.357981,0.00120919,0.275712
MVO-cap10|Sample|MSRP,MVO-cap10,Sample,MSRP,0.250396,0.203504,0.208117,0.994496,-0.171903,1.18383,0.673448,0.00305467,0.515637
MVO-cap10|EWMA|GMVP,MVO-cap10,EWMA,GMVP,0.0538894,0.0444698,0.130191,0.399854,-0.0970571,0.458182,0.409807,0.00151237,0.276216
MVO-cap10|EWMA|MSRP,MVO-cap10,EWMA,MSRP,0.23458,0.19087,0.204644,0.956468,-0.169079,1.12888,0.709468,0.00326539,0.510473
MVO-cap10|LW-Identity|GMVP,MVO-cap10,LW-Identity,GMVP,0.0522388,0.0431136,0.132465,0.385368,-0.100136,0.430551,0.347029,0.00114512,0.281118
MVO-cap10|LW-Identity|MSRP,MVO-cap10,LW-Identity,MSRP,0.26236,0.213041,0.211319,1.02,-0.175203,1.21597,0.672962,0.00305183,0.525597
MVO-cap10|LW-ConstCorr|GMVP,MVO-cap10,LW-ConstCorr,GMVP,0.0313105,0.0258861,0.133464,0.258683,-0.0934337,0.277053,0.315606,0.000961297,0.233456
MVO-cap10|LW-ConstCorr|MSRP,MVO-cap10,LW-ConstCorr,MSRP,0.31944,0.258336,0.215599,1.17422,-0.168027,1.53747,0.671689,0.00304438,0.540048
MVO-cap10|LW-SingleFactor|GMVP,MVO-cap10,LW-SingleFactor,GMVP,0.0176419,0.0146023,0.131878,0.176334,-0.0964412,0.151412,0.341527,0.00111293,0.252034
MVO-cap10|LW-SingleFactor|MSRP,MVO-cap10,LW-SingleFactor,MSRP,0.262678,0.213295,0.205514,1.04391,-0.163834,1.30189,0.655822,0.00295156,0.498578
0050 ETF,0050 ETF,,,1.28311,0.982437,0.270777,2.6654,-0.210796,4.6606,,,1
