method,gamma,ce_loss,round_ce_loss,feasible_rate,time
QUBO-P100,0.5,0.0595724,-1.48632e-07,0.00106667,155.31
QUBO-P100,1,0.055644,1.9604e-07,0.0261333,156.013
QUBO-P100,2,0.0507064,4.46949e-07,0.214933,157.132
QUBO-P100,5,0.029112,3.95143e-06,0.847733,155.502
QUBO-P100,10,0.022359,1.11141e-05,0.985333,155.794
QUBO-P100,20,0.0221685,2.49989e-05,0.9848,155.858
QUBO-P100,50,0.0383927,6.29728e-05,0.95,155.859
QUBO-P20,0.5,0.004997,1.56859e-07,0,5.96326
QUBO-P20,1,0.00328114,4.0627e-06,0,5.99381
QUBO-P20,2,0.00665384,1.85771e-05,0.002,6.06237
QUBO-P20,5,0.00454005,9.48282e-05,0.5428,6.121
QUBO-P20,10,0.00800382,0.000196553,0.9708,6.15671
QUBO-P20,20,0.014297,0.000445298,0.9896,6.15729
QUBO-P20,50,0.0305591,0.00176702,0.9864,6.14998
