quarter,strategy,return,turnover,cost,n_holdings,max_weight
2025_03,MVO|Sample|GMVP,-0.0224322,1,0.001425,15,0.534206
2025_03,MVO|Sample|MSRP,-0.0810024,1,0.001425,8,0.335834
2025_03,SA-cont|Sample|GMVP,-0.0224255,1,0.001425,15,0.534157
2025_03,SA-cont|Sample|MSRP,-0.0810025,1,0.001425,8,0.335835
2025_03,MVO-round-P20|Sample|GMVP,-0.0240607,1,0.001425,6,0.55
2025_03,MVO-round-P20|Sample|MSRP,-0.0829033,1,0.001425,5,0.35
2025_03,QUBO-P20|Sample|GMVP,-0.0118671,1,0.001425,11,0.35
2025_03,QUBO-P20|Sample|MSRP,-0.0944301,1,0.001425,7,0.3
2025_03,MVO-round-P100|Sample|GMVP,-0.0222526,1,0.001425,13,0.53
2025_03,MVO-round-P100|Sample|MSRP,-0.0811937,1,0.001425,6,0.34
2025_03,QUBO-P100|Sample|GMVP,-0.0414301,1,0.001425,33,0.15
2025_03,QUBO-P100|Sample|MSRP,-0.0528651,1,0.001425,25,0.31
2025_03,MVO|EWMA|GMVP,-0.0150258,1,0.001425,13,0.588864
2025_03,MVO|EWMA|MSRP,-0.0799279,1,0.001425,9,0.332958
2025_03,SA-cont|EWMA|GMVP,-0.0150462,1,0.001425,13,0.588797
2025_03,SA-cont|EWMA|MSRP,-0.0799282,1,0.001425,9,0.332945
2025_03,MVO-round-P20|EWMA|GMVP,-0.0189119,1,0.001425,6,0.6
2025_03,MVO-round-P20|EWMA|MSRP,-0.0770676,1,0.001425,6,0.35
2025_03,QUBO-P20|EWMA|GMVP,-0.0343785,1,0.001425,11,0.25
2025_03,QUBO-P20|EWMA|MSRP,-0.067587,1,0.001425,9,0.3
2025_03,MVO-round-P100|EWMA|GMVP,-0.0136777,1,0.001425,11,0.59
2025_03,MVO-round-P100|EWMA|MSRP,-0.0796985,1,0.001425,8,0.33
2025_03,QUBO-P100|EWMA|GMVP,-0.0269995,1,0.001425,30,0.11
2025_03,QUBO-P100|EWMA|MSRP,-0.0424254,1,0.001425,23,0.15
2025_03,MVO|LW-Identity|GMVP,-0.0326516,1,0.001425,19,0.305319
2025_03,MVO|LW-Identity|MSRP,-0.0745899,1,0.001425,8,0.303128
2025_03,SA-cont|LW-Identity|GMVP,-0.0326474,1,0.001425,19,0.305287
2025_03,SA-cont|LW-Identity|MSRP,-0.0745904,1,0.001425,8,0.303129
2025_03,MVO-round-P20|LW-Identity|GMVP,-0.0379109,1,0.001425,10,0.3
2025_03,MVO-round-P20|LW-Identity|MSRP,-0.0735259,1,0.001425,6,0.3
2025_03,QUBO-P20|LW-Identity|GMVP,-0.0400358,1,0.001425,11,0.2
2025_03,QUBO-P20|LW-Identity|MSRP,-0.0312607,1,0.001425,8,0.5
2025_03,MVO-round-P100|LW-Identity|GMVP,-0.03256,1,0.001425,16,0.3
2025_03,MVO-round-P100|LW-Identity|MSRP,-0.0739695,1,0.001425,8,0.3
2025_03,QUBO-P100|LW-Identity|GMVP,-0.0227548,1,0.001425,28,0.14
2025_03,QUBO-P100|LW-Identity|MSRP,-0.0583617,1,0.001425,26,0.31
2025_03,MVO|LW-ConstCorr|GMVP,-0.01795,1,0.001425,13,0.530901
2025_03,MVO|LW-ConstCorr|MSRP,-0.0871816,1,0.001425,5,0.374092
2025_03,SA-cont|LW-ConstCorr|GMVP,-0.0179302,1,0.001425,13,0.530935
2025_03,SA-cont|LW-ConstCorr|MSRP,-0.0871803,1,0.001425,5,0.374079
2025_03,MVO-round-P20|LW-ConstCorr|GMVP,-0.0206675,1,0.001425,7,0.55
2025_03,MVO-round-P20|LW-ConstCorr|MSRP,-0.0895682,1,0.001425,5,0.4
2025_03,QUBO-P20|LW-ConstCorr|GMVP,-0.029092,1,0.001425,12,0.15
2025_03,QUBO-P20|LW-ConstCorr|MSRP,-0.0539124,1,0.001425,9,0.4
2025_03,MVO-round-P100|LW-ConstCorr|GMVP,-0.0180929,1,0.001425,12,0.53
2025_03,MVO-round-P100|LW-ConstCorr|MSRP,-0.0860705,1,0.001425,5,0.37
2025_03,QUBO-P100|LW-ConstCorr|GMVP,-0.0288366,1,0.001425,29,0.15
2025_03,QUBO-P100|LW-ConstCorr|MSRP,-0.0878942,1,0.001425,11,0.3
2025_03,MVO|LW-SingleFactor|GMVP,-0.0233677,1,0.001425,16,0.499436
2025_03,MVO|LW-SingleFactor|MSRP,-0.0833057,1,0.001425,7,0.342489
2025_03,SA-cont|LW-SingleFactor|GMVP,-0.0233714,1,0.001425,16,0.499336
2025_03,SA-cont|LW-SingleFactor|MSRP,-0.0833062,1,0.001425,7,0.342493
2025_03,MVO-round-P20|LW-SingleFactor|GMVP,-0.0259077,1,0.001425,7,0.5
2025_03,MVO-round-P20|LW-SingleFactor|MSRP,-0.0829033,1,0.001425,5,0.35
2025_03,QUBO-P20|LW-SingleFactor|GMVP,-0.00843337,1,0.001425,12,0.15
2025_03,QUBO-P20|LW-SingleFactor|MSRP,-0.0505399,1,0.001425,6,0.6
2025_03,MVO-round-P100|LW-SingleFactor|GMVP,-0.0233518,1,0.001425,14,0.5
2025_03,MVO-round-P100|LW-SingleFactor|MSRP,-0.0827064,1,0.001425,6,0.34
2025_03,QUBO-P100|LW-SingleFactor|GMVP,-0.0272022,1,0.001425,26,0.15
2025_03,QUBO-P100|LW-SingleFactor|MSRP,-0.0971634,1,0.001425,16,0.31
2025_03,EqualWeight,-0.0232402,1,0.001425,50,0.02
2025_03,Oracle|Realized|GMVP,-0.00252287,1,0.001425,5,0.574083
2025_03,Oracle|Realized|MSRP,0.164097,1,0.001425,4,0.43428
2025_03,MVO-cap10|Sample|GMVP,-0.0416753,1,0.001425,19,0.1
2025_03,MVO-cap10|Sample|MSRP,-0.0653912,1,0.001425,18,0.1
2025_03,MVO-cap10|EWMA|GMVP,-0.0355267,1,0.001425,19,0.1
2025_03,MVO-cap10|EWMA|MSRP,-0.0516685,1,0.001425,18,0.1
2025_03,MVO-cap10|LW-Identity|GMVP,-0.0413607,1,0.001425,21,0.1
2025_03,MVO-cap10|LW-Identity|MSRP,-0.0657298,1,0.001425,18,0.1
2025_03,MVO-cap10|LW-ConstCorr|GMVP,-0.0387223,1,0.001425,18,0.1
2025_03,MVO-cap10|LW-ConstCorr|MSRP,-0.0623853,1,0.001425,18,0.1
2025_03,MVO-cap10|LW-SingleFactor|GMVP,-0.04126,1,0.001425,19,0.1
2025_03,MVO-cap10|LW-SingleFactor|MSRP,-0.064702,1,0.001425,18,0.1
2025_06,MVO|Sample|GMVP,0.0521012,0.265154,0.00155115,10,0.691563
2025_06,MVO|Sample|MSRP,-0.0107171,0.793265,0.0046406,5,0.374079
2025_06,SA-cont|Sample|GMVP,0.0521064,0.265274,0.00155185,10,0.691582
2025_06,SA-cont|Sample|MSRP,-0.0107137,0.793263,0.00464059,5,0.37409
2025_06,MVO-round-P20|Sample|GMVP,0.0428,0.22845,0.00133643,5,0.7
2025_06,MVO-round-P20|Sample|MSRP,-0.00963079,0.8,0.00468,5,0.35
2025_06,QUBO-P20|Sample|GMVP,0.0643325,0.459816,0.00268992,8,0.35
2025_06,QUBO-P20|Sample|MSRP,0.0301237,0.744013,0.00435248,5,0.4
2025_06,MVO-round-P100|Sample|GMVP,0.0538225,0.271599,0.00158885,10,0.69
2025_06,MVO-round-P100|Sample|MSRP,-0.00970079,0.79,0.0046215,5,0.37
2025_06,QUBO-P100|Sample|GMVP,0.0209133,0.382486,0.00223754,29,0.13
2025_06,QUBO-P100|Sample|MSRP,0.0159679,0.600457,0.00351267,8,0.3
2025_06,MVO|EWMA|GMVP,0.0549376,0.351967,0.00205901,8,0.675639
2025_06,MVO|EWMA|MSRP,-0.0356581,0.885818,0.00518204,4,0.453669
2025_06,SA-cont|EWMA|GMVP,0.0550367,0.352494,0.00206209,7,0.675922
2025_06,SA-cont|EWMA|MSRP,-0.0356582,0.885823,0.00518206,4,0.453668
2025_06,MVO-round-P20|EWMA|GMVP,0.0578548,0.329764,0.00192912,4,0.65
2025_06,MVO-round-P20|EWMA|MSRP,-0.036864,0.9,0.005265,4,0.45
2025_06,QUBO-P20|EWMA|GMVP,-0.0066196,0.501206,0.00293206,9,0.3
2025_06,QUBO-P20|EWMA|MSRP,-0.0337325,0.894297,0.00523164,5,0.35
2025_06,MVO-round-P100|EWMA|GMVP,0.0558915,0.353729,0.00206931,6,0.67
2025_06,MVO-round-P100|EWMA|MSRP,-0.0353652,0.882196,0.00516085,4,0.45
2025_06,QUBO-P100|EWMA|GMVP,0.0735414,0.639715,0.00374233,23,0.35
2025_06,QUBO-P100|EWMA|MSRP,0.000685236,0.677741,0.00396479,12,0.31
2025_06,MVO|LW-Identity|GMVP,0.0262182,0.258811,0.00151404,13,0.42939
2025_06,MVO|LW-Identity|MSRP,-0.0106892,0.755671,0.00442068,7,0.330546
2025_06,SA-cont|LW-Identity|GMVP,0.0262401,0.258805,0.00151401,13,0.429384
2025_06,SA-cont|LW-Identity|MSRP,-0.0106865,0.755653,0.00442057,7,0.330537
2025_06,MVO-round-P20|LW-Identity|GMVP,0.0165044,0.253348,0.00148209,6,0.45
2025_06,MVO-round-P20|LW-Identity|MSRP,-0.0148459,0.75,0.0043875,7,0.35
2025_06,QUBO-P20|LW-Identity|GMVP,0.0554823,0.359373,0.00210233,13,0.35
2025_06,QUBO-P20|LW-Identity|MSRP,0.0024338,0.704424,0.00412088,7,0.35
2025_06,MVO-round-P100|LW-Identity|GMVP,0.0268123,0.268529,0.0015709,13,0.43
2025_06,MVO-round-P100|LW-Identity|MSRP,-0.0101957,0.76,0.004446,7,0.33
2025_06,QUBO-P100|LW-Identity|GMVP,0.0212986,0.31158,0.00182275,24,0.15
2025_06,QUBO-P100|LW-Identity|MSRP,0.0292156,0.717623,0.00419809,15,0.31
2025_06,MVO|LW-ConstCorr|GMVP,0.0468813,0.263021,0.00153867,6,0.737819
2025_06,MVO|LW-ConstCorr|MSRP,-0.0101329,0.811982,0.0047501,6,0.327385
2025_06,SA-cont|LW-ConstCorr|GMVP,0.0468726,0.263016,0.00153865,6,0.737801
2025_06,SA-cont|LW-ConstCorr|MSRP,-0.010132,0.811984,0.00475011,6,0.327353
2025_06,MVO-round-P20|LW-ConstCorr|GMVP,0.0452968,0.280431,0.00164052,4,0.75
2025_06,MVO-round-P20|LW-ConstCorr|MSRP,-0.00547511,0.8,0.00468,6,0.35
2025_06,QUBO-P20|LW-ConstCorr|GMVP,0.0276547,0.50846,0.00297449,11,0.3
2025_06,QUBO-P20|LW-ConstCorr|MSRP,0.0159197,0.799239,0.00467555,6,0.35
2025_06,MVO-round-P100|LW-ConstCorr|GMVP,0.0482209,0.262629,0.00153638,6,0.74
2025_06,MVO-round-P100|LW-ConstCorr|MSRP,-0.00957037,0.81,0.0047385,6,0.33
2025_06,QUBO-P100|LW-ConstCorr|GMVP,0.0346115,0.47503,0.00277893,29,0.15
2025_06,QUBO-P100|LW-ConstCorr|MSRP,0.0327374,0.819731,0.00479543,15,0.15
2025_06,MVO|LW-SingleFactor|GMVP,0.0434669,0.23721,0.00138768,10,0.654705
2025_06,MVO|LW-SingleFactor|MSRP,-0.0135528,0.769802,0.00450334,7,0.358599
2025_06,SA-cont|LW-SingleFactor|GMVP,0.0434459,0.237174,0.00138747,10,0.65471
2025_06,SA-cont|LW-SingleFactor|MSRP,-0.013537,0.769888,0.00450385,7,0.358597
2025_06,MVO-round-P20|LW-SingleFactor|GMVP,0.0372824,0.229263,0.00134119,5,0.65
2025_06,MVO-round-P20|LW-SingleFactor|MSRP,-0.0197388,0.75,0.0043875,6,0.35
2025_06,QUBO-P20|LW-SingleFactor|GMVP,0.026004,0.502389,0.00293898,10,0.35
2025_06,QUBO-P20|LW-SingleFactor|MSRP,0.0253537,0.75,0.0043875,6,0.35
2025_06,MVO-round-P100|LW-SingleFactor|GMVP,0.0473563,0.2321,0.00135778,9,0.65
2025_06,MVO-round-P100|LW-SingleFactor|MSRP,-0.0137977,0.77,0.0045045,7,0.36
2025_06,QUBO-P100|LW-SingleFactor|GMVP,0.0239447,0.358821,0.0020991,24,0.15
2025_06,QUBO-P100|LW-SingleFactor|MSRP,0.0344665,0.804336,0.00470537,9,0.31
2025_06,EqualWeight,0.101247,0.0518867,0.000303537,50,0.02
2025_06,Oracle|Realized|GMVP,0.0396716,0.923105,0.00540016,21,0.229765
2025_06,Oracle|Realized|MSRP,0.257567,1,0.00585,12,0.192452
2025_06,MVO-cap10|Sample|GMVP,0.011141,0.186195,0.00108924,16,0.1
2025_06,MVO-cap10|Sample|MSRP,0.026872,0.587524,0.00343702,11,0.1
2025_06,MVO-cap10|EWMA|GMVP,0.00284895,0.189299,0.0011074,15,0.1
2025_06,MVO-cap10|EWMA|MSRP,0.0231083,0.587234,0.00343532,13,0.1
2025_06,MVO-cap10|LW-Identity|GMVP,0.0135125,0.182478,0.0010675,17,0.1
2025_06,MVO-cap10|LW-Identity|MSRP,0.0277197,0.583339,0.00341253,12,0.1
2025_06,MVO-cap10|LW-ConstCorr|GMVP,0.0341641,0.152334,0.000891151,14,0.1
2025_06,MVO-cap10|LW-ConstCorr|MSRP,0.0215311,0.544612,0.00318598,11,0.1
2025_06,MVO-cap10|LW-SingleFactor|GMVP,0.0132882,0.171714,0.00100453,17,0.1
2025_06,MVO-cap10|LW-SingleFactor|MSRP,0.0219633,0.56134,0.00328384,13,0.1
2025_09,MVO|Sample|GMVP,-0.0379266,0.167997,0.00098278,9,0.617064
2025_09,MVO|Sample|MSRP,0.0393035,0.784701,0.0045905,6,0.357658
2025_09,SA-cont|Sample|GMVP,-0.0379261,0.167969,0.00098262,9,0.617064
2025_09,SA-cont|Sample|MSRP,0.0393134,0.784649,0.0045902,6,0.357593
2025_09,MVO-round-P20|Sample|GMVP,-0.0395507,0.210044,0.00122876,5,0.6
2025_09,MVO-round-P20|Sample|MSRP,0.0472073,0.789804,0.00462036,6,0.35
2025_09,QUBO-P20|Sample|GMVP,0.00969221,0.66455,0.00388762,11,0.35
2025_09,QUBO-P20|Sample|MSRP,0.0645521,0.645936,0.00377873,6,0.35
2025_09,MVO-round-P100|Sample|GMVP,-0.0377649,0.173448,0.00101467,7,0.62
2025_09,MVO-round-P100|Sample|MSRP,0.0381986,0.789103,0.00461625,6,0.36
2025_09,QUBO-P100|Sample|GMVP,-0.0117335,0.327082,0.00191343,27,0.15
2025_09,QUBO-P100|Sample|MSRP,0.105784,0.547205,0.00320115,21,0.31
2025_09,MVO|EWMA|GMVP,-0.0376505,0.255398,0.00149408,13,0.47366
2025_09,MVO|EWMA|MSRP,0.01747,0.849199,0.00496782,9,0.402618
2025_09,SA-cont|EWMA|GMVP,-0.0376443,0.255398,0.00149408,13,0.473569
2025_09,SA-cont|EWMA|MSRP,0.017471,0.849196,0.00496779,9,0.402598
2025_09,MVO-round-P20|EWMA|GMVP,-0.0337655,0.224495,0.0013133,5,0.5
2025_09,MVO-round-P20|EWMA|MSRP,0.0119727,0.890248,0.00520795,6,0.4
2025_09,QUBO-P20|EWMA|GMVP,0.0407588,0.638217,0.00373357,12,0.3
2025_09,QUBO-P20|EWMA|MSRP,0.00978832,0.85,0.0049725,12,0.15
2025_09,MVO-round-P100|EWMA|GMVP,-0.0392892,0.257614,0.00150704,11,0.47
2025_09,MVO-round-P100|EWMA|MSRP,0.0174613,0.848488,0.00496366,8,0.4
2025_09,QUBO-P100|EWMA|GMVP,0.00454698,0.566434,0.00331364,28,0.15
2025_09,QUBO-P100|EWMA|MSRP,0.0249096,0.658705,0.00385342,26,0.11
2025_09,MVO|LW-Identity|GMVP,-0.0349256,0.215777,0.0012623,17,0.346497
2025_09,MVO|LW-Identity|MSRP,0.0501708,0.70056,0.00409827,9,0.258178
2025_09,SA-cont|LW-Identity|GMVP,-0.0349111,0.215794,0.00126239,16,0.346521
2025_09,SA-cont|LW-Identity|MSRP,0.0501888,0.700544,0.00409818,9,0.258125
2025_09,MVO-round-P20|LW-Identity|GMVP,-0.0366324,0.307935,0.00180142,9,0.35
2025_09,MVO-round-P20|LW-Identity|MSRP,0.06182,0.680191,0.00397912,8,0.25
2025_09,QUBO-P20|LW-Identity|GMVP,0.0131511,0.459672,0.00268908,13,0.25
2025_09,QUBO-P20|LW-Identity|MSRP,0.023647,0.686708,0.00401724,10,0.3
2025_09,MVO-round-P100|LW-Identity|GMVP,-0.0361454,0.212807,0.00124492,15,0.35
2025_09,MVO-round-P100|LW-Identity|MSRP,0.0506968,0.702236,0.00410808,9,0.26
2025_09,QUBO-P100|LW-Identity|GMVP,0.00737101,0.403637,0.00236127,34,0.15
2025_09,QUBO-P100|LW-Identity|MSRP,0.0315994,0.6513,0.0038101,18,0.19
2025_09,MVO|LW-ConstCorr|GMVP,-0.0309031,0.176004,0.00102963,6,0.645922
2025_09,MVO|LW-ConstCorr|MSRP,0.0657604,0.718894,0.00420553,7,0.31646
2025_09,SA-cont|LW-ConstCorr|GMVP,-0.0309102,0.175421,0.00102621,5,0.646463
2025_09,SA-cont|LW-ConstCorr|MSRP,0.065756,0.718877,0.00420543,7,0.31648
2025_09,MVO-round-P20|LW-ConstCorr|GMVP,-0.0306064,0.160555,0.000939248,4,0.65
2025_09,MVO-round-P20|LW-ConstCorr|MSRP,0.0696776,0.732326,0.00428411,6,0.3
2025_09,QUBO-P20|LW-ConstCorr|GMVP,0.0334367,0.504332,0.00295034,10,0.3
2025_09,QUBO-P20|LW-ConstCorr|MSRP,0.0781183,0.85,0.0049725,9,0.15
2025_09,MVO-round-P100|LW-ConstCorr|GMVP,-0.0306728,0.169096,0.000989211,4,0.65
2025_09,MVO-round-P100|LW-ConstCorr|MSRP,0.0663828,0.721119,0.00421855,6,0.32
2025_09,QUBO-P100|LW-ConstCorr|GMVP,0.0127459,0.367619,0.00215057,27,0.15
2025_09,QUBO-P100|LW-ConstCorr|MSRP,0.0544273,0.583622,0.00341419,24,0.15
2025_09,MVO|LW-SingleFactor|GMVP,-0.0372455,0.172391,0.00100849,11,0.591502
2025_09,MVO|LW-SingleFactor|MSRP,0.0378984,0.773748,0.00452643,8,0.318519
2025_09,SA-cont|LW-SingleFactor|GMVP,-0.0372486,0.17241,0.0010086,11,0.591503
2025_09,SA-cont|LW-SingleFactor|MSRP,0.0378987,0.773707,0.00452619,8,0.318503
2025_09,MVO-round-P20|LW-SingleFactor|GMVP,-0.0367046,0.162621,0.000951334,4,0.6
2025_09,MVO-round-P20|LW-SingleFactor|MSRP,0.0458564,0.788105,0.00461041,7,0.3
2025_09,QUBO-P20|LW-SingleFactor|GMVP,0.00611124,0.658197,0.00385045,11,0.3
2025_09,QUBO-P20|LW-SingleFactor|MSRP,0.0245954,0.75,0.0043875,10,0.2
2025_09,MVO-round-P100|LW-SingleFactor|GMVP,-0.0379903,0.18194,0.00106435,9,0.59
2025_09,MVO-round-P100|LW-SingleFactor|MSRP,0.0389884,0.778096,0.00455186,7,0.32
2025_09,QUBO-P100|LW-SingleFactor|GMVP,-0.00508256,0.510436,0.00298605,28,0.15
2025_09,QUBO-P100|LW-SingleFactor|MSRP,0.109384,0.52882,0.0030936,13,0.31
2025_09,EqualWeight,0.0884874,0.0842624,0.000492935,51,0.0196078
2025_09,Oracle|Realized|GMVP,-0.0182748,0.764804,0.0044741,22,0.229867
2025_09,Oracle|Realized|MSRP,0.301468,0.829102,0.00485024,9,0.180713
2025_09,MVO-cap10|Sample|GMVP,-0.0305744,0.156679,0.000916574,18,0.1
2025_09,MVO-cap10|Sample|MSRP,0.0223297,0.6,0.00351,12,0.1
2025_09,MVO-cap10|EWMA|GMVP,-0.0167438,0.195332,0.00114269,18,0.1
2025_09,MVO-cap10|EWMA|MSRP,0.0250014,0.587114,0.00343462,15,0.1
2025_09,MVO-cap10|LW-Identity|GMVP,-0.0290648,0.145344,0.000850262,23,0.1
2025_09,MVO-cap10|LW-Identity|MSRP,0.0230422,0.580799,0.00339767,15,0.1
2025_09,MVO-cap10|LW-ConstCorr|GMVP,-0.021427,0.141292,0.000826556,15,0.1
2025_09,MVO-cap10|LW-ConstCorr|MSRP,0.0394567,0.549566,0.00321496,14,0.1
2025_09,MVO-cap10|LW-SingleFactor|GMVP,-0.030317,0.152809,0.000893934,18,0.1
2025_09,MVO-cap10|LW-SingleFactor|MSRP,0.0277859,0.576025,0.00336975,13,0.1
2025_12,MVO|Sample|GMVP,0.0357452,0.0882015,0.000515979,11,0.57878
2025_12,MVO|Sample|MSRP,0.182159,0.710964,0.00415914,8,0.307711
2025_12,SA-cont|Sample|GMVP,0.0357438,0.0882179,0.000516075,11,0.578769
2025_12,SA-cont|Sample|MSRP,0.182154,0.71097,0.00415917,8,0.307668
2025_12,MVO-round-P20|Sample|GMVP,0.0588742,0.101776,0.000595388,4,0.6
2025_12,MVO-round-P20|Sample|MSRP,0.181593,0.71792,0.00419983,7,0.3
2025_12,QUBO-P20|Sample|GMVP,0.0635531,0.70743,0.00413846,11,0.35
2025_12,QUBO-P20|Sample|MSRP,0.182402,0.657795,0.0038481,9,0.35
2025_12,MVO-round-P100|Sample|GMVP,0.0385094,0.088398,0.000517128,8,0.58
2025_12,MVO-round-P100|Sample|MSRP,0.183113,0.709217,0.00414892,7,0.31
2025_12,QUBO-P100|Sample|GMVP,0.0681661,0.534593,0.00312737,25,0.15
2025_12,QUBO-P100|Sample|MSRP,0.186568,0.682236,0.00399108,18,0.31
2025_12,MVO|EWMA|GMVP,0.0269569,0.18175,0.00106324,15,0.452123
2025_12,MVO|EWMA|MSRP,0.112215,0.659733,0.00385944,13,0.298295
2025_12,SA-cont|EWMA|GMVP,0.026944,0.181601,0.00106237,15,0.452148
2025_12,SA-cont|EWMA|MSRP,0.112208,0.659708,0.00385929,13,0.298257
2025_12,MVO-round-P20|EWMA|GMVP,0.00514703,0.253558,0.00148332,7,0.45
2025_12,MVO-round-P20|EWMA|MSRP,0.0978054,0.663555,0.0038818,11,0.3
2025_12,QUBO-P20|EWMA|GMVP,0.046402,0.508596,0.00297529,12,0.2
2025_12,QUBO-P20|EWMA|MSRP,0.117478,0.620016,0.0036271,13,0.2
2025_12,MVO-round-P100|EWMA|GMVP,0.022597,0.182014,0.00106478,15,0.45
2025_12,MVO-round-P100|EWMA|MSRP,0.110184,0.666365,0.00389824,12,0.3
2025_12,QUBO-P100|EWMA|GMVP,0.059467,0.510908,0.00298881,22,0.15
2025_12,QUBO-P100|EWMA|MSRP,0.156405,0.610266,0.00357006,21,0.23
2025_12,MVO|LW-Identity|GMVP,0.0193027,0.137308,0.000803252,20,0.330688
2025_12,MVO|LW-Identity|MSRP,0.181567,0.609723,0.00356688,8,0.290162
2025_12,SA-cont|LW-Identity|GMVP,0.0192818,0.137132,0.000802221,20,0.330647
2025_12,SA-cont|LW-Identity|MSRP,0.181566,0.609683,0.00356665,8,0.290162
2025_12,MVO-round-P20|LW-Identity|GMVP,0.0417388,0.147918,0.000865321,8,0.35
2025_12,MVO-round-P20|LW-Identity|MSRP,0.168839,0.617889,0.00361465,8,0.3
2025_12,QUBO-P20|LW-Identity|GMVP,0.0221467,0.510968,0.00298916,13,0.15
2025_12,QUBO-P20|LW-Identity|MSRP,0.188332,0.75955,0.00444337,8,0.35
2025_12,MVO-round-P100|LW-Identity|GMVP,0.0172016,0.140371,0.000821172,18,0.33
2025_12,MVO-round-P100|LW-Identity|MSRP,0.183325,0.609454,0.00356531,8,0.29
2025_12,QUBO-P100|LW-Identity|GMVP,0.0507614,0.475018,0.00277886,25,0.15
2025_12,QUBO-P100|LW-Identity|MSRP,0.214534,0.64996,0.00380227,21,0.31
2025_12,MVO|LW-ConstCorr|GMVP,0.0207311,0.0651501,0.000381128,10,0.591035
2025_12,MVO|LW-ConstCorr|MSRP,0.192519,0.564242,0.00330082,9,0.240733
2025_12,SA-cont|LW-ConstCorr|GMVP,0.0205078,0.0651191,0.000380947,8,0.591727
2025_12,SA-cont|LW-ConstCorr|MSRP,0.192527,0.564214,0.00330065,9,0.240737
2025_12,MVO-round-P20|LW-ConstCorr|GMVP,0.0216726,0.0526539,0.000308025,4,0.6
2025_12,MVO-round-P20|LW-ConstCorr|MSRP,0.195217,0.540858,0.00316402,7,0.25
2025_12,QUBO-P20|LW-ConstCorr|GMVP,0.0518611,0.377898,0.0022107,11,0.3
2025_12,QUBO-P20|LW-ConstCorr|MSRP,0.232064,0.563082,0.00329403,7,0.35
2025_12,MVO-round-P100|LW-ConstCorr|GMVP,0.0209,0.06889,0.000403007,6,0.59
2025_12,MVO-round-P100|LW-ConstCorr|MSRP,0.189302,0.561334,0.0032838,9,0.24
2025_12,QUBO-P100|LW-ConstCorr|GMVP,0.024083,0.405351,0.0023713,24,0.15
2025_12,QUBO-P100|LW-ConstCorr|MSRP,0.214354,0.706185,0.00413118,14,0.31
2025_12,MVO|LW-SingleFactor|GMVP,0.027107,0.0948951,0.000555136,13,0.545592
2025_12,MVO|LW-SingleFactor|MSRP,0.182133,0.618434,0.00361784,8,0.259046
2025_12,SA-cont|LW-SingleFactor|GMVP,0.0267254,0.0944014,0.000552248,11,0.546061
2025_12,SA-cont|LW-SingleFactor|MSRP,0.182136,0.618424,0.00361778,8,0.259054
2025_12,MVO-round-P20|LW-SingleFactor|GMVP,0.0195846,0.0975919,0.000570912,4,0.55
2025_12,MVO-round-P20|LW-SingleFactor|MSRP,0.187168,0.615678,0.00360172,7,0.25
2025_12,QUBO-P20|LW-SingleFactor|GMVP,0.0447932,0.608631,0.00356049,11,0.25
2025_12,QUBO-P20|LW-SingleFactor|MSRP,0.182538,0.71384,0.00417597,8,0.4
2025_12,MVO-round-P100|LW-SingleFactor|GMVP,0.0309213,0.0982428,0.000574721,8,0.55
2025_12,MVO-round-P100|LW-SingleFactor|MSRP,0.182088,0.631597,0.00369484,8,0.26
2025_12,QUBO-P100|LW-SingleFactor|GMVP,0.0730494,0.312323,0.00182709,28,0.15
2025_12,QUBO-P100|LW-SingleFactor|MSRP,0.156342,0.612078,0.00358066,14,0.31
2025_12,EqualWeight,0.126908,0.151616,0.000886955,50,0.02
2025_12,Oracle|Realized|GMVP,0.00386974,0.682793,0.00399434,12,0.384226
2025_12,Oracle|Realized|MSRP,0.252362,0.762609,0.00446126,12,0.230266
2025_12,MVO-cap10|Sample|GMVP,0.0143807,0.203949,0.0011931,23,0.1
2025_12,MVO-cap10|Sample|MSRP,0.109561,0.362209,0.00211892,15,0.1
2025_12,MVO-cap10|EWMA|GMVP,0.0193071,0.260914,0.00152635,24,0.1
2025_12,MVO-cap10|EWMA|MSRP,0.11675,0.458605,0.00268284,15,0.1
2025_12,MVO-cap10|LW-Identity|GMVP,0.0166393,0.175328,0.00102567,24,0.1
2025_12,MVO-cap10|LW-Identity|MSRP,0.1195,0.381593,0.00223232,16,0.1
2025_12,MVO-cap10|LW-ConstCorr|GMVP,0.0176478,0.0976039,0.000570983,17,0.1
2025_12,MVO-cap10|LW-ConstCorr|MSRP,0.145019,0.444705,0.00260152,16,0.1
2025_12,MVO-cap10|LW-SingleFactor|GMVP,0.0148824,0.165072,0.000965669,21,0.1
2025_12,MVO-cap10|LW-SingleFactor|MSRP,0.121062,0.349857,0.00204667,15,0.1
2026_03,MVO|Sample|GMVP,0.0900351,0.187319,0.00109582,12,0.565669
2026_03,MVO|Sample|MSRP,0.110783,0.9497,0.00555575,7,0.327547
2026_03,SA-cont|Sample|GMVP,0.0900004,0.187172,0.00109496,11,0.56582
2026_03,SA-cont|Sample|MSRP,0.110786,0.949703,0.00555576,7,0.327532
2026_03,MVO-round-P20|Sample|GMVP,0.0761669,0.211222,0.00123565,4,0.6
2026_03,MVO-round-P20|Sample|MSRP,0.132627,0.964906,0.0056447,7,0.3
2026_03,QUBO-P20|Sample|GMVP,0.116367,0.509579,0.00298104,11,0.4
2026_03,QUBO-P20|Sample|MSRP,0.0752037,0.77841,0.0045537,9,0.3
2026_03,MVO-round-P100|Sample|GMVP,0.0954915,0.18546,0.00108494,10,0.57
2026_03,MVO-round-P100|Sample|MSRP,0.110251,0.950929,0.00556293,7,0.33
2026_03,QUBO-P100|Sample|GMVP,0.179503,0.502339,0.00293868,29,0.15
2026_03,QUBO-P100|Sample|MSRP,0.116945,0.758613,0.00443789,17,0.31
2026_03,MVO|EWMA|GMVP,0.0891643,0.452575,0.00264756,16,0.353284
2026_03,MVO|EWMA|MSRP,0.0869078,0.964725,0.00564364,8,0.258603
2026_03,SA-cont|EWMA|GMVP,0.0891627,0.452427,0.0026467,16,0.353468
2026_03,SA-cont|EWMA|MSRP,0.0869184,0.964724,0.00564364,8,0.258532
2026_03,MVO-round-P20|EWMA|GMVP,0.0780483,0.446732,0.00261338,5,0.35
2026_03,MVO-round-P20|EWMA|MSRP,0.0622382,0.962215,0.00562896,7,0.25
2026_03,QUBO-P20|EWMA|GMVP,0.12624,0.649652,0.00380046,11,0.35
2026_03,QUBO-P20|EWMA|MSRP,0.100609,0.916061,0.00535896,8,0.25
2026_03,MVO-round-P100|EWMA|GMVP,0.0894282,0.448445,0.00262341,10,0.35
2026_03,MVO-round-P100|EWMA|MSRP,0.0827526,0.962637,0.00563143,8,0.26
2026_03,QUBO-P100|EWMA|GMVP,0.107709,0.502626,0.00294036,26,0.15
2026_03,QUBO-P100|EWMA|MSRP,0.103048,0.799783,0.00467873,21,0.15
2026_03,MVO|LW-Identity|GMVP,0.110173,0.24696,0.00144471,22,0.324946
2026_03,MVO|LW-Identity|MSRP,0.127241,0.947122,0.00554067,7,0.199759
2026_03,SA-cont|LW-Identity|GMVP,0.110221,0.246701,0.0014432,21,0.325048
2026_03,SA-cont|LW-Identity|MSRP,0.127247,0.947118,0.00554064,7,0.199762
2026_03,MVO-round-P20|LW-Identity|GMVP,0.0740369,0.260384,0.00152325,8,0.35
2026_03,MVO-round-P20|LW-Identity|MSRP,0.148874,0.929004,0.00543468,7,0.2
2026_03,QUBO-P20|LW-Identity|GMVP,0.135312,0.507442,0.00296854,8,0.35
2026_03,QUBO-P20|LW-Identity|MSRP,0.177784,0.915113,0.00535341,8,0.25
2026_03,MVO-round-P100|LW-Identity|GMVP,0.105496,0.256248,0.00149905,15,0.33
2026_03,MVO-round-P100|LW-Identity|MSRP,0.125702,0.950909,0.00556282,7,0.2
2026_03,QUBO-P100|LW-Identity|GMVP,0.20118,0.504484,0.00295123,28,0.15
2026_03,QUBO-P100|LW-Identity|MSRP,0.0811491,0.779748,0.00456152,13,0.31
2026_03,MVO|LW-ConstCorr|GMVP,0.0467485,0.189035,0.00110586,7,0.552645
2026_03,MVO|LW-ConstCorr|MSRP,0.126404,0.989362,0.00578777,6,0.273489
2026_03,SA-cont|LW-ConstCorr|GMVP,0.0467528,0.188729,0.00110407,7,0.552608
2026_03,SA-cont|LW-ConstCorr|MSRP,0.1264,0.989362,0.00578777,6,0.273489
2026_03,MVO-round-P20|LW-ConstCorr|GMVP,0.0391197,0.200911,0.00117533,4,0.55
2026_03,MVO-round-P20|LW-ConstCorr|MSRP,0.104157,1,0.00585,6,0.3
2026_03,QUBO-P20|LW-ConstCorr|GMVP,0.0849893,0.502408,0.00293909,11,0.35
2026_03,QUBO-P20|LW-ConstCorr|MSRP,0.102428,0.951305,0.00556513,6,0.25
2026_03,MVO-round-P100|LW-ConstCorr|GMVP,0.0488831,0.191179,0.0011184,7,0.55
2026_03,MVO-round-P100|LW-ConstCorr|MSRP,0.127064,0.986041,0.00576834,6,0.27
2026_03,QUBO-P100|LW-ConstCorr|GMVP,0.13436,0.508368,0.00297395,21,0.15
2026_03,QUBO-P100|LW-ConstCorr|MSRP,0.257491,0.819732,0.00479543,10,0.31
2026_03,MVO|LW-SingleFactor|GMVP,0.0771464,0.207016,0.00121104,13,0.527466
2026_03,MVO|LW-SingleFactor|MSRP,0.104966,0.958074,0.00560474,7,0.315185
2026_03,SA-cont|LW-SingleFactor|GMVP,0.0771588,0.206702,0.00120921,13,0.527493
2026_03,SA-cont|LW-SingleFactor|MSRP,0.104967,0.958071,0.00560472,7,0.315185
2026_03,MVO-round-P20|LW-SingleFactor|GMVP,0.0406826,0.19794,0.00115795,4,0.55
2026_03,MVO-round-P20|LW-SingleFactor|MSRP,0.10921,0.96505,0.00564554,7,0.3
2026_03,QUBO-P20|LW-SingleFactor|GMVP,0.10517,0.412284,0.00241186,11,0.25
2026_03,QUBO-P20|LW-SingleFactor|MSRP,0.129753,0.879866,0.00514722,9,0.25
2026_03,MVO-round-P100|LW-SingleFactor|GMVP,0.0670676,0.213585,0.00124947,8,0.53
2026_03,MVO-round-P100|LW-SingleFactor|MSRP,0.104394,0.957883,0.00560362,7,0.32
2026_03,QUBO-P100|LW-SingleFactor|GMVP,0.152191,0.422391,0.00247099,25,0.15
2026_03,QUBO-P100|LW-SingleFactor|MSRP,0.154559,0.805865,0.00471431,17,0.15
2026_03,EqualWeight,0.372405,0.148784,0.000870387,49,0.0204082
2026_03,Oracle|Realized|GMVP,0.0886487,0.243595,0.00142503,12,0.416182
2026_03,Oracle|Realized|MSRP,0.620374,0.822106,0.00480932,10,0.24481
2026_03,MVO-cap10|Sample|GMVP,0.0866874,0.243081,0.00142202,23,0.1
2026_03,MVO-cap10|Sample|MSRP,0.148575,0.817507,0.00478242,13,0.1
2026_03,MVO-cap10|EWMA|GMVP,0.0871703,0.40349,0.00236042,17,0.1
2026_03,MVO-cap10|EWMA|MSRP,0.111621,0.914386,0.00534916,13,0.1
2026_03,MVO-cap10|LW-Identity|GMVP,0.0971674,0.231994,0.00135716,24,0.1
2026_03,MVO-cap10|LW-Identity|MSRP,0.147938,0.81908,0.00479162,13,0.1
2026_03,MVO-cap10|LW-ConstCorr|GMVP,0.0417426,0.186802,0.00109279,16,0.1
2026_03,MVO-cap10|LW-ConstCorr|MSRP,0.15743,0.819563,0.00479444,14,0.1
2026_03,MVO-cap10|LW-SingleFactor|GMVP,0.0644264,0.218038,0.00127552,21,0.1
2026_03,MVO-cap10|LW-SingleFactor|MSRP,0.146503,0.791885,0.00463253,12,0.1
2025_03,0050 ETF,-0.0236114,,,,
2025_06,0050 ETF,0.170045,,,,
2025_09,0050 ETF,0.187323,,,,
2025_12,0050 ETF,0.241987,,,,
2026_03,0050 ETF,0.355238,,,,
