strategy,quarter,Median,VaR,CVaR,Realized,Breach
MVO|LW-ConstCorr|GMVP,2025_03,0.0193426,-0.0446129,-0.0606342,-0.01795,False
MVO|LW-ConstCorr|MSRP,2025_03,-0.0154277,-0.114179,-0.138215,-0.0871816,False
SA-cont|LW-ConstCorr|GMVP,2025_03,0.0193441,-0.0446128,-0.0606344,-0.0179302,False
SA-cont|LW-ConstCorr|MSRP,2025_03,-0.0154287,-0.11418,-0.138216,-0.0871803,False
MVO-round-P20|LW-ConstCorr|GMVP,2025_03,0.0200642,-0.0438073,-0.0598094,-0.0206675,False
MVO-round-P20|LW-ConstCorr|MSRP,2025_03,-0.0130981,-0.112126,-0.136228,-0.0895682,False
QUBO-P20|LW-ConstCorr|GMVP,2025_03,0.0222381,-0.054299,-0.0733008,-0.029092,False
QUBO-P20|LW-ConstCorr|MSRP,2025_03,-0.0276698,-0.14929,-0.178227,-0.0539124,False
MVO-round-P100|LW-ConstCorr|GMVP,2025_03,0.0196482,-0.0442855,-0.0603018,-0.0180929,False
MVO-round-P100|LW-ConstCorr|MSRP,2025_03,-0.016271,-0.1155,-0.139641,-0.0860705,False
QUBO-P100|LW-ConstCorr|GMVP,2025_03,0.028666,-0.0561975,-0.0771429,-0.0288366,False
QUBO-P100|LW-ConstCorr|MSRP,2025_03,-0.0660032,-0.210487,-0.244022,-0.0878942,False
EqualWeight,2025_03,0.0378257,-0.0893386,-0.119655,-0.0232402,False
MVO-cap10|LW-ConstCorr|GMVP,2025_03,0.0234209,-0.0497648,-0.0679726,-0.0387223,False
MVO-cap10|LW-ConstCorr|MSRP,2025_03,0.00147885,-0.0980988,-0.12235,-0.0623853,False
MVO|LW-ConstCorr|GMVP,2025_06,0.0139295,-0.0713327,-0.0919215,0.0468813,False
MVO|LW-ConstCorr|MSRP,2025_06,-0.00826905,-0.159218,-0.193718,-0.0101329,False
SA-cont|LW-ConstCorr|GMVP,2025_06,0.0139298,-0.0713327,-0.0919216,0.0468726,False
SA-cont|LW-ConstCorr|MSRP,2025_06,-0.00826473,-0.159213,-0.193713,-0.010132,False
MVO-round-P20|LW-ConstCorr|GMVP,2025_06,0.0141298,-0.0711296,-0.091718,0.0452968,False
MVO-round-P20|LW-ConstCorr|MSRP,2025_06,-0.0117612,-0.164052,-0.198812,-0.00547511,False
QUBO-P20|LW-ConstCorr|GMVP,2025_06,0.00912815,-0.0945391,-0.119188,0.0276547,False
QUBO-P20|LW-ConstCorr|MSRP,2025_06,-0.00831824,-0.166821,-0.202822,0.0159197,False
MVO-round-P100|LW-ConstCorr|GMVP,2025_06,0.0142725,-0.0710989,-0.0917129,0.0482209,False
MVO-round-P100|LW-ConstCorr|MSRP,2025_06,-0.00883112,-0.15973,-0.194218,-0.00957037,False
QUBO-P100|LW-ConstCorr|GMVP,2025_06,0.0178501,-0.0944194,-0.12096,0.0346115,False
QUBO-P100|LW-ConstCorr|MSRP,2025_06,-0.00539971,-0.15699,-0.191632,0.0327374,False
EqualWeight,2025_06,0.0190616,-0.156811,-0.196297,0.101247,False
MVO-cap10|LW-ConstCorr|GMVP,2025_06,0.00888815,-0.100948,-0.126944,0.0341641,False
MVO-cap10|LW-ConstCorr|MSRP,2025_06,-0.00259781,-0.131856,-0.161946,0.0215311,False
MVO|LW-ConstCorr|GMVP,2025_09,0.0174493,-0.065998,-0.0866012,-0.0309031,False
MVO|LW-ConstCorr|MSRP,2025_09,0.0137737,-0.140574,-0.176461,0.0657604,False
SA-cont|LW-ConstCorr|GMVP,2025_09,0.0174431,-0.0659966,-0.0865981,-0.0309102,False
SA-cont|LW-ConstCorr|MSRP,2025_09,0.0137751,-0.140573,-0.17646,0.065756,False
MVO-round-P20|LW-ConstCorr|GMVP,2025_09,0.0176473,-0.0657333,-0.0863214,-0.0306064,False
MVO-round-P20|LW-ConstCorr|MSRP,2025_09,0.0128314,-0.141668,-0.17758,0.0696776,False
QUBO-P20|LW-ConstCorr|GMVP,2025_09,0.0125294,-0.0848229,-0.108607,0.0334367,False
QUBO-P20|LW-ConstCorr|MSRP,2025_09,0.00985569,-0.137961,-0.172505,0.0781183,False
MVO-round-P100|LW-ConstCorr|GMVP,2025_09,0.0176361,-0.0658574,-0.0864715,-0.0306728,False
MVO-round-P100|LW-ConstCorr|MSRP,2025_09,0.0126691,-0.141906,-0.177833,0.0663828,False
QUBO-P100|LW-ConstCorr|GMVP,2025_09,0.0162768,-0.0924169,-0.118717,0.0127459,False
QUBO-P100|LW-ConstCorr|MSRP,2025_09,0.011353,-0.125614,-0.157927,0.0544273,False
EqualWeight,2025_09,0.0411925,-0.121067,-0.158694,0.0884874,False
MVO-cap10|LW-ConstCorr|GMVP,2025_09,0.0171215,-0.0865588,-0.111762,-0.021427,False
MVO-cap10|LW-ConstCorr|MSRP,2025_09,0.0106882,-0.123274,-0.154949,0.0394567,False
MVO|LW-ConstCorr|GMVP,2025_12,0.00836331,-0.0680481,-0.0867089,0.0207311,False
MVO|LW-ConstCorr|MSRP,2025_12,0.0849254,-0.100596,-0.142339,0.192519,False
SA-cont|LW-ConstCorr|GMVP,2025_12,0.00836307,-0.0680661,-0.0867311,0.0205078,False
SA-cont|LW-ConstCorr|MSRP,2025_12,0.0849289,-0.100593,-0.142336,0.192527,False
MVO-round-P20|LW-ConstCorr|GMVP,2025_12,0.00786956,-0.0688509,-0.0875822,0.0216726,False
MVO-round-P20|LW-ConstCorr|MSRP,2025_12,0.0799051,-0.109853,-0.152352,0.195217,False
QUBO-P20|LW-ConstCorr|GMVP,2025_12,0.0184279,-0.0758931,-0.0986228,0.0518611,False
QUBO-P20|LW-ConstCorr|MSRP,2025_12,0.0944408,-0.132725,-0.182198,0.232064,False
MVO-round-P100|LW-ConstCorr|GMVP,2025_12,0.0080963,-0.068294,-0.0869497,0.0209,False
MVO-round-P100|LW-ConstCorr|MSRP,2025_12,0.0850163,-0.100075,-0.141741,0.189302,False
QUBO-P100|LW-ConstCorr|GMVP,2025_12,0.0191409,-0.079752,-0.103502,0.024083,False
QUBO-P100|LW-ConstCorr|MSRP,2025_12,0.0904539,-0.152912,-0.205076,0.214354,False
EqualWeight,2025_12,0.0747664,-0.089741,-0.127405,0.126908,False
MVO-cap10|LW-ConstCorr|GMVP,2025_12,0.00874239,-0.0863401,-0.109223,0.0176478,False
MVO-cap10|LW-ConstCorr|MSRP,2025_12,0.066722,-0.0953819,-0.132529,0.145019,False
MVO|LW-ConstCorr|GMVP,2026_03,0.0178929,-0.0675859,-0.0881673,0.0467485,False
MVO|LW-ConstCorr|MSRP,2026_03,0.202004,-0.0346855,-0.0866168,0.126404,False
SA-cont|LW-ConstCorr|GMVP,2026_03,0.0178894,-0.0675892,-0.0881706,0.0467528,False
SA-cont|LW-ConstCorr|MSRP,2026_03,0.201994,-0.0346901,-0.0866202,0.1264,False
MVO-round-P20|LW-ConstCorr|GMVP,2026_03,0.0180821,-0.0681787,-0.0889353,0.0391197,False
MVO-round-P20|LW-ConstCorr|MSRP,2026_03,0.1894,-0.0356682,-0.0853405,0.104157,False
QUBO-P20|LW-ConstCorr|GMVP,2026_03,0.0318642,-0.0727236,-0.0975826,0.0849893,False
QUBO-P20|LW-ConstCorr|MSRP,2026_03,0.175063,-0.0544695,-0.104889,0.102428,False
MVO-round-P100|LW-ConstCorr|GMVP,2026_03,0.0179009,-0.0674656,-0.0880219,0.0488831,False
MVO-round-P100|LW-ConstCorr|MSRP,2026_03,0.202771,-0.0348893,-0.0870004,0.127064,False
QUBO-P100|LW-ConstCorr|GMVP,2026_03,0.0175388,-0.098586,-0.125924,0.13436,False
QUBO-P100|LW-ConstCorr|MSRP,2026_03,0.315679,-0.0361503,-0.108204,0.257491,False
EqualWeight,2026_03,0.139447,-0.0606135,-0.105348,0.372405,False
MVO-cap10|LW-ConstCorr|GMVP,2026_03,0.0239641,-0.084807,-0.110578,0.0417426,False
MVO-cap10|LW-ConstCorr|MSRP,2026_03,0.155082,-0.0345092,-0.0773115,0.15743,False
