,1216,1301,1303,2002,2059,2207,2301,2303,2308,2317,2327,2330,2344,2345,2357,2360,2368,2382,2383,2395,2408,2412,2449,2454,2603,2880,2881,2882,2883,2884,2885,2886,2887,2890,2891,2892,3008,3017,3045,3231,3653,3661,3711,4904,5880,6505,6669,6919,7769
1216,0.010579431293509717,0.0063612496939453485,0.004323349795476249,0.0044787195876556255,0.003472833823729876,0.003926916923873797,0.004529122871356871,0.004117366442375479,0.004314381831687977,0.0035970994295600393,0.003561123098697904,0.004113520405636953,0.0015973049259899303,0.004368939155911592,0.003053738526877387,0.002875622058722116,0.004238464333397313,0.0038258014849248782,0.004628465835331083,0.005102301276695252,-0.00027623519652030334,0.0023283469392121384,0.002128674091177597,0.0035322260268427406,0.0034351386565253834,0.004502742278374429,0.003949939647448285,0.003889444839142652,0.0033590915366106255,0.004513579764660096,0.004469868843562815,0.004905281216043619,0.004275910896298943,0.004957079315988417,0.004333740202954179,0.004783691431259436,0.0033094095218060542,0.0034895224780070884,0.0018421242674539942,0.0030188959607236132,0.002217677330929957,0.0019206773138350777,0.00413550564923345,0.003291094948577572,0.004225983196301394,0.005679165498675997,0.005060058588754002,0.0026637689237090914,0.012441310743029432
1301,0.0063612496939453485,0.048156346856608516,0.04295820795481577,0.016753569933818012,0.015192930089237213,0.010598660359386542,0.01479622179526802,0.01476813508942548,0.016182954770584897,0.01777472449535404,0.017387321212659484,0.012243301787161164,0.020467064586382252,0.0152371407957729,0.012499794498925323,0.00986326921972027,0.018480024746059125,0.01428144711353051,0.015681017198977666,0.014297014226572927,0.023768825469783626,0.0029352149168746697,0.01694201387614014,0.015031727206910248,0.010518676193569701,0.007206322914205189,0.00969765512576777,0.010459798249501853,0.012079636777209211,0.0071811426923662006,0.012128363455152346,0.006607365890442597,0.009433275913684291,0.009850037771492357,0.008148602673259259,0.007083908485615882,0.012192205369966068,0.01487853477235872,0.0029724429077021214,0.016459706334821276,0.019751751031269003,0.016853134116118374,0.018048750192967984,0.0055965065215632485,0.00687855692484455,0.034539473361499574,0.015850385125362937,0.006313140456174918,0.024943435560200677
1303,0.004323349795476249,0.04295820795481577,0.0861416972988542,0.018321502434179123,0.01768037487114264,0.011035635335993157,0.0210706378673979,0.01618301625592788,0.025145911402190763,0.02246711619087918,0.025143266652448187,0.015403133241364352,0.034078048281450425,0.01931686548473372,0.010883955084996896,0.019662652068469212,0.02374604962362259,0.016747109552015787,0.022742679071584823,0.014205629939118199,0.0392931882398933,0.0031680508337648657,0.026569959969747127,0.015941678878955826,0.010896357395328961,0.007316618144865361,0.011669917862395306,0.012714436634589169,0.014106120225319443,0.006453668911784772,0.014214425700408881,0.006675572739385449,0.009308786142689129,0.00972004687276978,0.008813712381489036,0.006076943095040955,0.014164748557005735,0.014590531719588675,0.0023500701284317107,0.019804815228956857,0.02229595034408105,0.02222948886056243,0.026998106722792667,0.005100885804147702,0.006324311261911673,0.034547483770469053,0.02122612655204634,0.007054917679615978,0.03020833341350023
2002,0.0044787195876556255,0.016753569933818012,0.018321502434179123,0.019306926030508466,0.008490344966352472,0.007865485005249355,0.009149067414135766,0.007484702010502679,0.010535004700531756,0.011517992633016299,0.01001991929924147,0.007677707673884972,0.013956765558091333,0.008899063806315815,0.010519527303125633,0.006269624908931662,0.009804332349399907,0.00892768997612495,0.008290429395976878,0.01147309790096093,0.016406868536032286,0.002066470800744021,0.010482909181450518,0.009278312033582058,0.007989534132757907,0.005708000047040884,0.0075567213424505295,0.008606171983514148,0.00938184343709582,0.005472653567820329,0.008718234662199901,0.004712089709722081,0.007070141345518718,0.007143919617063536,0.0071650529478804285,0.006051916872156594,0.00866620461305331,0.009731727923883753,0.0022186254599790784,0.010177038013971379,0.010789396875049387,0.011702796390306995,0.011327467174642971,0.0038538614868157237,0.00535432141100765,0.01412246201091249,0.00788159720099761,0.006961280259285209,0.019800968280119353
2059,0.003472833823729876,0.015192930089237213,0.01768037487114264,0.008490344966352472,0.0686545431604892,0.01107517096991696,0.02326116532056517,0.010885194335871866,0.027509768171027633,0.024726213108850183,0.023144106501266692,0.017298396390265754,0.021199619133656693,0.03345931840406606,0.024339084351869995,0.02781136245312712,0.03727936762894241,0.023225139273456378,0.04008520956482503,0.017504145533698376,0.02330826795716586,0.0008817189229672662,0.030889779276530686,0.020015935006418118,0.016135867472122617,0.0056065577497893225,0.01360282799720846,0.013762288954157598,0.014536093369127439,0.007287491133297993,0.012846406859023904,0.0038447070028243035,0.008689191576586394,0.009724965116759465,0.010457683032056016,0.0060301406057460035,0.019525693236654654,0.03846857668180203,0.0008203976957463323,0.026414152240983903,0.03615842145321723,0.031185607415345495,0.02572322913366066,0.002862965640214686,0.005766499013099165,0.012395418288592254,0.02893562513238399,0.020125696817686042,0.032797905032359805
2207,0.003926916923873797,0.010598660359386542,0.011035635335993157,0.007865485005249355,0.01107517096991696,0.017797711043008174,0.008960082739396849,0.007927342563842414,0.009960904575299516,0.01064858893237423,0.011515671584082775,0.008798797229812543,0.010393840620170637,0.01072309595537296,0.009198842515643966,0.008116247784309522,0.010271194390855764,0.008492580923724687,0.01227335210814762,0.009082956640926674,0.010188750341647283,0.0018738123307680868,0.011243188340916447,0.01001398744405365,0.00625555470847116,0.006885119988003387,0.007731957975060296,0.00802705165535058,0.00846546206177015,0.00583835671027046,0.008634129900996752,0.0048712521216144715,0.007229642406135713,0.007521673782833436,0.007188462942576481,0.006396654518972643,0.008220205305226543,0.008603671763667478,0.0015785780554272361,0.008569013318512012,0.010102199100254882,0.008562542135202664,0.010385155374507281,0.002973816515097303,0.006061975754071362,0.009515815277239577,0.008080943805526607,0.008534479562041558,0.017877597840275088
2301,0.004529122871356871,0.01479622179526802,0.0210706378673979,0.009149067414135766,0.02326116532056517,0.008960082739396849,0.05589450000857097,0.009103085144856813,0.03520307750549837,0.026729099194648675,0.028089874966216854,0.020910045651846555,0.030764196214513356,0.028446123659341457,0.020131898591302606,0.023077453135073017,0.03304874038830225,0.02485282507479051,0.0326004675907051,0.01896998115516168,0.03113362604474175,0.002159779227844579,0.031641087618974204,0.01764952035883516,0.01243668600148186,0.006750073207296671,0.012249334828978237,0.012450604324244644,0.012692168039290548,0.006309673219084706,0.013464996614386352,0.004205234198577462,0.009519993679753131,0.009998926085479604,0.010115950332694017,0.006626002296413888,0.018165797549163847,0.029005359476978694,0.0016673731067411222,0.026183529688075607,0.025881217900358203,0.023674065947926794,0.027253235628996578,0.003538567834128015,0.006346351935726577,0.01228666723946807,0.022764840724141082,0.011529771962056373,0.02610709676666883
2303,0.004117366442375479,0.01476813508942548,0.01618301625592788,0.007484702010502679,0.010885194335871866,0.007927342563842414,0.009103085144856813,0.03317041257850217,0.010008814786375823,0.00916565871562139,0.014473575619801865,0.008464691295002826,0.01622235334410218,0.007295346009848131,0.009506424528604713,0.01023762398781588,0.00876548697114389,0.009275780346604012,0.009418740041976677,0.008300735826630334,0.012461748539277817,0.0018707192846622346,0.011683169526206611,0.00849085616923251,0.008163594268432306,0.006078585753223724,0.007306612462001309,0.008754345531963977,0.007734209876968866,0.006246948453780598,0.007971570462045892,0.004777018689306638,0.009062736912512099,0.007579652927005909,0.008554630993466518,0.0059875514235001245,0.00979117574875771,0.005304828607044774,0.0017364283071492187,0.008216671034397889,0.007574396595162288,0.008753921558502162,0.012547251663072913,0.0038348134785940267,0.0048711991886378906,0.007159326423276146,0.006006799080495407,0.005362297814515697,0.020321357818803374
2308,0.004314381831687977,0.016182954770584897,0.025145911402190763,0.010535004700531756,0.027509768171027633,0.009960904575299516,0.03520307750549837,0.010008814786375823,0.05480724375932196,0.02851185165545672,0.02941532195926761,0.023679442320463928,0.032285009624030754,0.02961904763726821,0.021030323652815073,0.030791437227933257,0.03398425225591961,0.026147968004725644,0.03873581739996109,0.021111775366156656,0.03102130542404496,0.002614647724740292,0.03306591225368952,0.02197244935060158,0.013853835902644444,0.007526184768254212,0.01274325284627443,0.013302105771197208,0.014064773624447587,0.006841359274046452,0.01357306391645528,0.004961674583833969,0.010242402627820503,0.011166952115406987,0.010787879590689452,0.007042899830115475,0.01997425331380584,0.032716101704685266,0.0018473893421389364,0.02588210831664951,0.027796965388483925,0.02606517876550696,0.028909106165066163,0.0034508893377636876,0.005529929516590442,0.01246124762926959,0.025455644358053087,0.01678823809369483,0.029432048712451468
2317,0.0035970994295600393,0.01777472449535404,0.02246711619087918,0.011517992633016299,0.024726213108850183,0.01064858893237423,0.026729099194648675,0.00916565871562139,0.02851185165545672,0.03885764120478341,0.026762003173676586,0.020653078612559064,0.028195904935575226,0.0258223432056082,0.02101659365567359,0.024458448511059952,0.02881941903961969,0.026815658352794793,0.030030166006579324,0.017464501238320003,0.0309447627892788,0.0018062392389759118,0.030773705074395485,0.01995945272496317,0.0153154662468947,0.0061039423636063805,0.012851608083011492,0.013203682352386729,0.013504243023297962,0.0059739557521617795,0.013180719190034924,0.004018416125910211,0.009147032814262346,0.009611179108180486,0.009941615251486588,0.006059963184921893,0.020315992805400643,0.030881276452141695,0.0006029245133045144,0.02871458948329638,0.028721170711129687,0.026378762493588517,0.028611261547697126,0.0025991695670207413,0.005672968495520792,0.016101891913938873,0.024114756106229162,0.017450198568617906,0.029868572084413434
2327,0.003561123098697904,0.017387321212659484,0.025143266652448187,0.01001991929924147,0.023144106501266692,0.011515671584082775,0.028089874966216854,0.014473575619801865,0.02941532195926761,0.026762003173676586,0.05763080594516493,0.01804758057668862,0.03453233837647048,0.01985755755256157,0.018651862982445443,0.025379817333331906,0.0283714799038379,0.024364621630255122,0.025199923113020696,0.017643584007749517,0.03283530300578967,0.0018445539925034842,0.03138480474354727,0.01614383082546741,0.01487480313496067,0.007892413407608566,0.014034771453351759,0.014207657335976445,0.016435833359586195,0.006150424710511711,0.014638351493605725,0.0046611137013822255,0.011794599410158826,0.011240746917196445,0.011983289918966382,0.007183929124258306,0.021231062332966965,0.02378190029366511,0.0009542550538810206,0.026293204700507566,0.023684259892193454,0.025427187319613142,0.028113482678079962,0.003104987397490881,0.005974593403919717,0.013598627514631265,0.01899102123464933,0.017175295850713007,0.03279103526934583
2330,0.004113520405636953,0.012243301787161164,0.015403133241364352,0.007677707673884972,0.017298396390265754,0.008798797229812543,0.020910045651846555,0.008464691295002826,0.023679442320463928,0.020653078612559064,0.01804758057668862,0.026080265312169382,0.02279761567089718,0.023531008482421876,0.014842233489678912,0.019806864596187367,0.021796792970391693,0.017582765604337275,0.025723360955796925,0.014139791805036873,0.01948807458904508,0.0018996581858492431,0.023384724262869007,0.01722878201056041,0.010118426943675114,0.005614835499025346,0.011455052340158573,0.011405148574165861,0.01081860309054276,0.005869967108359558,0.010411526766022383,0.0040791393805093435,0.008975757251400587,0.008738251874783397,0.008240560439925802,0.006043126891217038,0.015134424663988642,0.023111509267972126,0.0014904722779953917,0.017804804692028033,0.023912430822423683,0.02036733386815571,0.023801096319531034,0.0034214512489204978,0.005490035962308621,0.01025236663295643,0.01982896504758067,0.011095988547226368,0.024964020060520512
2344,0.0015973049259899303,0.020467064586382252,0.034078048281450425,0.013956765558091333,0.021199619133656693,0.010393840620170637,0.030764196214513356,0.01622235334410218,0.032285009624030754,0.028195904935575226,0.03453233837647048,0.02279761567089718,0.12231249497025157,0.020420246735251613,0.014626230180312462,0.03374218811932972,0.025291226604451517,0.02372754935165402,0.028231781466353908,0.01985611642023594,0.08720741697420326,0.002194667892746769,0.04058466486921984,0.02119115170342495,0.015266844467962502,0.008068378153631562,0.014699429307280475,0.01655456823089913,0.01989170399453958,0.0058455529572637105,0.016530476726079754,0.0043490899487112055,0.015563915842424543,0.011457222281117669,0.01259084996631454,0.006873753430589726,0.02045538493947644,0.02477402914771056,0.0019188277379819719,0.02611699023452618,0.023127773598598855,0.03579660338524483,0.03473396412550965,0.002950164512677075,0.005481984758268012,0.019271716821313678,0.021577267597253487,0.01315613966560485,0.031690974095986375
2345,0.004368939155911592,0.0152371407957729,0.01931686548473372,0.008899063806315815,0.03345931840406606,0.01072309595537296,0.028446123659341457,0.007295346009848131,0.02961904763726821,0.0258223432056082,0.01985755755256157,0.023531008482421876,0.020420246735251613,0.07708076819542034,0.024502826190569576,0.027087003938311777,0.046104607080334176,0.02530792511877335,0.04917041401730881,0.019635058582667377,0.014860946143339526,0.0015588539523848995,0.03116757311621081,0.02404704221927939,0.014736132691875988,0.006091509733212538,0.01460368795923577,0.014178584024974412,0.014792650940408244,0.007214176905262463,0.014095663775067827,0.004426155350223462,0.0101283909961717,0.011791484857484867,0.011042361979842997,0.007243266093239927,0.01756476759733072,0.040044555707395645,0.0008597509924937136,0.02933319554232724,0.04241711746380337,0.03519181523669217,0.032191592618341786,0.0041638939915362985,0.005856939609571213,0.011042872970258563,0.03522975846580723,0.016273377824698336,0.028336792386445434
2357,0.003053738526877387,0.012499794498925323,0.010883955084996896,0.010519527303125633,0.024339084351869995,0.009198842515643966,0.020131898591302606,0.009506424528604713,0.021030323652815073,0.02101659365567359,0.018651862982445443,0.014842233489678912,0.014626230180312462,0.024502826190569576,0.037198567490017466,0.018059603661601246,0.02377765595018313,0.020700434084193014,0.02451012917805843,0.016294469743954047,0.01671403923703636,0.0010363068579477368,0.020555732668541982,0.01634125932332698,0.014759718213773242,0.005295463641759149,0.012086430398715646,0.011643707317968493,0.01165762736654533,0.006433038692032499,0.011662060782626446,0.003583811888694448,0.009480352169104924,0.00919896908339765,0.00910229974763165,0.006200404776781161,0.0173541282207924,0.025408818284850237,0.00013747478939028283,0.021138309590835742,0.027177076802578918,0.021039653599067704,0.019299446901677127,0.0018083946173755969,0.005102089712842625,0.008266794024396692,0.017837949159970116,0.016235991576312732,0.02188771077751322
2360,0.002875622058722116,0.00986326921972027,0.019662652068469212,0.006269624908931662,0.02781136245312712,0.008116247784309522,0.023077453135073017,0.01023762398781588,0.030791437227933257,0.024458448511059952,0.025379817333331906,0.019806864596187367,0.03374218811932972,0.027087003938311777,0.018059603661601246,0.06657726472202052,0.03157184369937904,0.022052333337169397,0.03313227615335586,0.01530602943022688,0.024235821365833184,0.0015743628264676221,0.03088881563200398,0.016077346533283944,0.016828925576311174,0.006536547889053915,0.012565163111916779,0.011534980233929277,0.014541297431127734,0.005101996106824642,0.012520740863126921,0.002984478675093374,0.008941655482997161,0.01001039664125357,0.009647870573090632,0.005795622614140368,0.017807729831489556,0.031015689664548336,-0.00030291318118427226,0.023582038074774287,0.02836752686648491,0.025782376802477962,0.026800141229236876,0.002693295804961124,0.005335073047043379,0.008300532544923538,0.024807442475388623,0.01604846400773165,0.02886634465941213
2368,0.004238464333397313,0.018480024746059125,0.02374604962362259,0.009804332349399907,0.03727936762894241,0.010271194390855764,0.03304874038830225,0.00876548697114389,0.03398425225591961,0.02881941903961969,0.0283714799038379,0.021796792970391693,0.025291226604451517,0.046104607080334176,0.02377765595018313,0.03157184369937904,0.08706940447283312,0.02689632645437168,0.05495513781643223,0.020303955815809002,0.022999937450142293,0.00030236026713355074,0.03812801108536639,0.02278455173355578,0.014724019808675503,0.004613438338060655,0.013415040046394202,0.012252353559069513,0.01348793314245965,0.005126150186841517,0.014162379012972315,0.0033405446098648418,0.008107417439246895,0.01070161624006679,0.009474795672602024,0.006701927909538244,0.021914049850231217,0.04364992946212972,0.0009732874063845897,0.03136225698145132,0.045685881276050326,0.034647342916546565,0.031667408660807646,0.002815764560671,0.004647225831200847,0.015932736158611436,0.032453023877820994,0.017386065602424634,0.03181188870645469
2382,0.0038258014849248782,0.01428144711353051,0.016747109552015787,0.00892768997612495,0.023225139273456378,0.008492580923724687,0.02485282507479051,0.009275780346604012,0.026147968004725644,0.026815658352794793,0.024364621630255122,0.017582765604337275,0.02372754935165402,0.02530792511877335,0.020700434084193014,0.022052333337169397,0.02689632645437168,0.033875039618218035,0.026085330650258906,0.015950773270348627,0.02415973196085589,0.001773382938749193,0.026131434110390064,0.017235127520328665,0.014266942426618886,0.005261042113360621,0.010612568688039602,0.010794001139738515,0.010986502071979348,0.005261549865947171,0.011056191870960448,0.0036924280053031804,0.007344265865980662,0.008810470742247925,0.00867643376320332,0.005076045030862495,0.017455124648604495,0.028183190530721734,0.0005329970120037346,0.028676967901928977,0.02829946586671397,0.0215067747724467,0.02346874394417366,0.002612750560214236,0.005005206539805506,0.013294588328588187,0.0243347058207269,0.012495388383403704,0.025060921919944475
2383,0.004628465835331083,0.015681017198977666,0.022742679071584823,0.008290429395976878,0.04008520956482503,0.01227335210814762,0.0326004675907051,0.009418740041976677,0.03873581739996109,0.030030166006579324,0.025199923113020696,0.025723360955796925,0.028231781466353908,0.04917041401730881,0.02451012917805843,0.03313227615335586,0.05495513781643223,0.026085330650258906,0.08676129402494362,0.02025375700138765,0.025204653346868597,0.0014899883082163013,0.033965703125146136,0.02715754791668402,0.01417770458309084,0.005822455190500235,0.014637291443652481,0.013131020397891777,0.014585822742619521,0.006116741426738957,0.014456125140803694,0.005238323779120036,0.00834210116579311,0.011126387536894376,0.010798470776939116,0.006392733777194333,0.0197809150866021,0.046528340232865936,-0.0003202843214208271,0.028391329881846745,0.041605468487183675,0.038036984629990334,0.03128763978426839,0.001348252894296317,0.005836483599581104,0.011122909729829933,0.028326599754413727,0.020357428217581852,0.035275417356960784
2395,0.005102301276695252,0.014297014226572927,0.014205629939118199,0.01147309790096093,0.017504145533698376,0.009082956640926674,0.01896998115516168,0.008300735826630334,0.021111775366156656,0.017464501238320003,0.017643584007749517,0.014139791805036873,0.01985611642023594,0.019635058582667377,0.016294469743954047,0.01530602943022688,0.020303955815809002,0.015950773270348627,0.02025375700138765,0.02920726171787417,0.01690414299114598,0.002443287911469752,0.01790943342929096,0.014025102078098615,0.010947192741416315,0.007137258771876754,0.01036418067566925,0.011228013265653761,0.012379322780616936,0.006947142764463752,0.011988192115341769,0.004972778933961661,0.010293491621667004,0.01004144661154652,0.00945800877886446,0.007347931995453256,0.014711201717069541,0.019328008470119278,0.0021960060504119185,0.01746698754578666,0.02237688715281421,0.01844019083709822,0.018066466112735737,0.004246988406482506,0.005752663338223609,0.012044320735925118,0.015621282993173172,0.01241342633411022,0.023135794334515302
2408,-0.00027623519652030334,0.023768825469783626,0.0392931882398933,0.016406868536032286,0.02330826795716586,0.010188750341647283,0.03113362604474175,0.012461748539277817,0.03102130542404496,0.0309447627892788,0.03283530300578967,0.01948807458904508,0.08720741697420326,0.014860946143339526,0.01671403923703636,0.024235821365833184,0.022999937450142293,0.02415973196085589,0.025204653346868597,0.01690414299114598,0.14064932724867318,0.0014506841125788118,0.038636462988303075,0.019902357126570378,0.014546600086131383,0.006232531000677376,0.013994833163045927,0.01629550190265565,0.017558948446258476,0.005329822889271996,0.014529269574309122,0.003660491989711511,0.01241610894601523,0.008941933419931106,0.010258065030065286,0.005417113145855623,0.018969612812761712,0.023361138371692233,0.0021144855514051253,0.027329868257354558,0.02020625588149781,0.03426032833755946,0.03201771540001861,0.0033446204436741486,0.004754811023600935,0.021460208792559325,0.018838106663082888,0.013940487992675917,0.03488413070632522
2412,0.0023283469392121384,0.0029352149168746697,0.0031680508337648657,0.002066470800744021,0.0008817189229672662,0.0018738123307680868,0.002159779227844579,0.0018707192846622346,0.002614647724740292,0.0018062392389759118,0.0018445539925034842,0.0018996581858492431,0.002194667892746769,0.0015588539523848995,0.0010363068579477368,0.0015743628264676221,0.00030236026713355074,0.001773382938749193,0.0014899883082163013,0.002443287911469752,0.0014506841125788118,0.0035544831661714167,0.0021795183714835202,0.001692573553642614,0.0020475393478882466,0.0023007046026277513,0.0020587293381281522,0.0022211069776365213,0.0019113311046939554,0.0023981164630303984,0.002292456781765954,0.002420748558868684,0.0019183364741899472,0.002215903102736842,0.0019122665956209251,0.002355011519773339,0.0015100001570077838,0.0014868249022675461,0.0015294037849313896,0.0017247397700870715,0.0016910855124531326,0.0006921511102064284,0.0024422421981857394,0.002344797588330812,0.002149233819633359,0.003210173254452613,0.0025245351969483973,0.0018015688191329985,0.005248908672853118
2449,0.002128674091177597,0.01694201387614014,0.026569959969747127,0.010482909181450518,0.030889779276530686,0.011243188340916447,0.031641087618974204,0.011683169526206611,0.03306591225368952,0.030773705074395485,0.03138480474354727,0.023384724262869007,0.04058466486921984,0.03116757311621081,0.020555732668541982,0.03088881563200398,0.03812801108536639,0.026131434110390064,0.033965703125146136,0.01790943342929096,0.038636462988303075,0.0021795183714835202,0.06872836239675094,0.02458122501503755,0.013284140936243843,0.007560534372017109,0.012886469417546715,0.01351744205108201,0.015950664138321337,0.006268228742696467,0.014505514850787911,0.0038735424199274567,0.009594752203650917,0.010762609735930018,0.011428727176990956,0.006635040143026322,0.0239659898007749,0.03064197897746143,0.0005921862928032542,0.02803725566180058,0.03693237890959784,0.036739181797428605,0.0399758267453507,0.0027462894971795526,0.005261043848304317,0.013521688612545631,0.02767553711277183,0.01885966587823031,0.037996548656207565
2454,0.0035322260268427406,0.015031727206910248,0.015941678878955826,0.009278312033582058,0.020015935006418118,0.01001398744405365,0.01764952035883516,0.00849085616923251,0.02197244935060158,0.01995945272496317,0.01614383082546741,0.01722878201056041,0.02119115170342495,0.02404704221927939,0.01634125932332698,0.016077346533283944,0.02278455173355578,0.017235127520328665,0.02715754791668402,0.014025102078098615,0.019902357126570378,0.001692573553642614,0.02458122501503755,0.04071451172653919,0.011918838645583523,0.006094130704983735,0.01124881946857444,0.011685818557623885,0.01191019780208773,0.006798507560245909,0.011512400582773797,0.004534430981859795,0.01012434256865602,0.008501565012811395,0.009166765937836692,0.005852755352507803,0.015834873294100993,0.020961468328044186,0.0002970363174205469,0.017122077940793224,0.024073811078920034,0.024733841564500106,0.024017989676558993,0.0019127065100294906,0.005548904392018844,0.010711828012004416,0.019259875743898182,0.01258552759204152,0.026706974161356187
2603,0.0034351386565253834,0.010518676193569701,0.010896357395328961,0.007989534132757907,0.016135867472122617,0.00625555470847116,0.01243668600148186,0.008163594268432306,0.013853835902644444,0.0153154662468947,0.01487480313496067,0.010118426943675114,0.015266844467962502,0.014736132691875988,0.014759718213773242,0.016828925576311174,0.014724019808675503,0.014266942426618886,0.01417770458309084,0.010947192741416315,0.014546600086131383,0.0020475393478882466,0.013284140936243843,0.011918838645583523,0.027934217832737463,0.004610369980417086,0.010162529205668189,0.011052413393089747,0.010187608137271454,0.005770078381592793,0.010006867057055472,0.0036327034959211545,0.007860244729539181,0.007347068665178767,0.008817766211387863,0.005413644191638094,0.012780381324446491,0.017236192261192756,0.0013987568047636467,0.014600987997339868,0.015891729246116735,0.014160607390214927,0.014473166481076737,0.00283397809403349,0.005239978448000882,0.009887566227481017,0.01273945244720379,0.009585958243879818,0.016997307740932284
2880,0.004502742278374429,0.007206322914205189,0.007316618144865361,0.005708000047040884,0.0056065577497893225,0.006885119988003387,0.006750073207296671,0.006078585753223724,0.007526184768254212,0.0061039423636063805,0.007892413407608566,0.005614835499025346,0.008068378153631562,0.006091509733212538,0.005295463641759149,0.006536547889053915,0.004613438338060655,0.005261042113360621,0.005822455190500235,0.007137258771876754,0.006232531000677376,0.0023007046026277513,0.007560534372017109,0.006094130704983735,0.004610369980417086,0.010541964955596105,0.006584653602948474,0.00727387915704979,0.008137912530530072,0.00606179575604452,0.00773414114002939,0.005784400335212374,0.007688705899841015,0.007561099526005901,0.007621117919018329,0.006257765130799075,0.006481026705614265,0.005085441562037037,0.001695080807575412,0.005390454524621357,0.005687498070017933,0.005463466958136813,0.00793678816433263,0.0033922794952475992,0.005699362074892346,0.005768685901890205,0.00573782332985299,0.006450468655047773,0.01522417116005936
2881,0.003949939647448285,0.00969765512576777,0.011669917862395306,0.0075567213424505295,0.01360282799720846,0.007731957975060296,0.012249334828978237,0.007306612462001309,0.01274325284627443,0.012851608083011492,0.014034771453351759,0.011455052340158573,0.014699429307280475,0.01460368795923577,0.012086430398715646,0.012565163111916779,0.013415040046394202,0.010612568688039602,0.014637291443652481,0.01036418067566925,0.013994833163045927,0.0020587293381281522,0.012886469417546715,0.01124881946857444,0.010162529205668189,0.006584653602948474,0.017309168828921907,0.014950908633088605,0.012138972857907854,0.007093644658233244,0.011262769900727082,0.005425382753721302,0.010475502722201453,0.00915162020568749,0.010189165011146844,0.006961610838653901,0.011971875729918846,0.014456347549439409,0.0010566654350934721,0.012426150786938876,0.015567225573565713,0.014597315362083195,0.01411909297758793,0.003147386386201296,0.0063950794062858345,0.008357976498165031,0.012746160164831816,0.011971525955320488,0.02061500830998084
2882,0.003889444839142652,0.010459798249501853,0.012714436634589169,0.008606171983514148,0.013762288954157598,0.00802705165535058,0.012450604324244644,0.008754345531963977,0.013302105771197208,0.013203682352386729,0.014207657335976445,0.011405148574165861,0.01655456823089913,0.014178584024974412,0.011643707317968493,0.011534980233929277,0.012252353559069513,0.010794001139738515,0.013131020397891777,0.011228013265653761,0.01629550190265565,0.0022211069776365213,0.01351744205108201,0.011685818557623885,0.011052413393089747,0.00727387915704979,0.014950908633088605,0.02306073508426599,0.013962909709160627,0.008042734662459592,0.012791828705337304,0.00564980402965271,0.012562428577988578,0.01056177420293208,0.012609057430827289,0.00753685574545285,0.01222947669704915,0.013675433307183326,0.0014430461556401903,0.011827763121565507,0.015874495939266667,0.01593510335614627,0.01405520462778105,0.003512775663205858,0.006641052301848698,0.008548378032015386,0.010918821451001611,0.013782909866652263,0.021070186124036213
2883,0.0033590915366106255,0.012079636777209211,0.014106120225319443,0.00938184343709582,0.014536093369127439,0.00846546206177015,0.012692168039290548,0.007734209876968866,0.014064773624447587,0.013504243023297962,0.016435833359586195,0.01081860309054276,0.01989170399453958,0.014792650940408244,0.01165762736654533,0.014541297431127734,0.01348793314245965,0.010986502071979348,0.014585822742619521,0.012379322780616936,0.017558948446258476,0.0019113311046939554,0.015950664138321337,0.01191019780208773,0.010187608137271454,0.008137912530530072,0.012138972857907854,0.013962909709160627,0.02058108003405647,0.007493729509677905,0.012784148585452118,0.005056885510655088,0.01333410016882813,0.010662311483193574,0.011366849013123343,0.006849536908688376,0.013487528859101596,0.014552529285200722,0.0015809485279188672,0.012192580164106195,0.015487472033889782,0.01578277343142647,0.015437974675299147,0.004328850694932074,0.005962869031408661,0.011060735824030072,0.011539639737560451,0.011457932829809494,0.020497751748917072
2884,0.004513579764660096,0.0071811426923662006,0.006453668911784772,0.005472653567820329,0.007287491133297993,0.00583835671027046,0.006309673219084706,0.006246948453780598,0.006841359274046452,0.0059739557521617795,0.006150424710511711,0.005869967108359558,0.0058455529572637105,0.007214176905262463,0.006433038692032499,0.005101996106824642,0.005126150186841517,0.005261549865947171,0.006116741426738957,0.006947142764463752,0.005329822889271996,0.0023981164630303984,0.006268228742696467,0.006798507560245909,0.005770078381592793,0.00606179575604452,0.007093644658233244,0.008042734662459592,0.007493729509677905,0.011740696978731686,0.007747306817542664,0.005233253160799345,0.007530512968735791,0.007071821483748968,0.007346211990334446,0.006193056694102652,0.006591186652460968,0.0065036165590577335,0.00205224988582304,0.005506469713547829,0.008548077668726835,0.007236201692649188,0.00660591212460083,0.0037095267330737817,0.005587921963793098,0.005902669374201037,0.007919306468452526,0.0060422888111676095,0.013549635186872726
2885,0.004469868843562815,0.012128363455152346,0.014214425700408881,0.008718234662199901,0.012846406859023904,0.008634129900996752,0.013464996614386352,0.007971570462045892,0.01357306391645528,0.013180719190034924,0.014638351493605725,0.010411526766022383,0.016530476726079754,0.014095663775067827,0.011662060782626446,0.012520740863126921,0.014162379012972315,0.011056191870960448,0.014456125140803694,0.011988192115341769,0.014529269574309122,0.002292456781765954,0.014505514850787911,0.011512400582773797,0.010006867057055472,0.00773414114002939,0.011262769900727082,0.012791828705337304,0.012784148585452118,0.007747306817542664,0.01746619400266214,0.005902199571704093,0.011061847938616462,0.009993037976611904,0.010965182759232181,0.007169694204226763,0.012544552339898114,0.013468467535159187,0.0018805518915518508,0.012445518002647801,0.015660979703481636,0.012939387464475118,0.014632190173076766,0.0048230431966679674,0.0064039645693652674,0.011557605726876016,0.011160531340222685,0.011025701019045143,0.020717308243556085
2886,0.004905281216043619,0.006607365890442597,0.006675572739385449,0.004712089709722081,0.0038447070028243035,0.0048712521216144715,0.004205234198577462,0.004777018689306638,0.004961674583833969,0.004018416125910211,0.0046611137013822255,0.0040791393805093435,0.0043490899487112055,0.004426155350223462,0.003583811888694448,0.002984478675093374,0.0033405446098648418,0.0036924280053031804,0.005238323779120036,0.004972778933961661,0.003660491989711511,0.002420748558868684,0.0038735424199274567,0.004534430981859795,0.0036327034959211545,0.005784400335212374,0.005425382753721302,0.00564980402965271,0.005056885510655088,0.005233253160799345,0.005902199571704093,0.009072384594399475,0.005401707951357946,0.005575973062169635,0.00522612941048552,0.006015435137753637,0.0040794899309937295,0.0038259569787415684,0.0014804092814786228,0.003613960878285361,0.004303838743751416,0.004357085183977603,0.004660810803482816,0.002942652471718994,0.0053801106024107745,0.005517855103091906,0.006309230181827708,0.0026320176304858575,0.012582439318773753
2887,0.004275910896298943,0.009433275913684291,0.009308786142689129,0.007070141345518718,0.008689191576586394,0.007229642406135713,0.009519993679753131,0.009062736912512099,0.010242402627820503,0.009147032814262346,0.011794599410158826,0.008975757251400587,0.015563915842424543,0.0101283909961717,0.009480352169104924,0.008941655482997161,0.008107417439246895,0.007344265865980662,0.00834210116579311,0.010293491621667004,0.01241610894601523,0.0019183364741899472,0.009594752203650917,0.01012434256865602,0.007860244729539181,0.007688705899841015,0.010475502722201453,0.012562428577988578,0.01333410016882813,0.007530512968735791,0.011061847938616462,0.005401707951357946,0.020991282804657903,0.01011829042003249,0.009618991768580245,0.007475118940360533,0.010771612892054054,0.009300745422388873,0.0016114554307082706,0.008532982863678427,0.010661538514668683,0.011322307400860349,0.010694486448167298,0.004692430887356715,0.00610414586064463,0.00782720375668543,0.007609974909106991,0.008993815455141545,0.01769198545533613
2890,0.004957079315988417,0.009850037771492357,0.00972004687276978,0.007143919617063536,0.009724965116759465,0.007521673782833436,0.009998926085479604,0.007579652927005909,0.011166952115406987,0.009611179108180486,0.011240746917196445,0.008738251874783397,0.011457222281117669,0.011791484857484867,0.00919896908339765,0.01001039664125357,0.01070161624006679,0.008810470742247925,0.011126387536894376,0.01004144661154652,0.008941933419931106,0.002215903102736842,0.010762609735930018,0.008501565012811395,0.007347068665178767,0.007561099526005901,0.00915162020568749,0.01056177420293208,0.010662311483193574,0.007071821483748968,0.009993037976611904,0.005575973062169635,0.01011829042003249,0.01390175282186146,0.00944529350926333,0.007265639613600656,0.009802264439496397,0.009530584152503881,0.002022838118564225,0.009714318107982319,0.01058702293826039,0.009708927938971542,0.010869064643550535,0.004315022994845495,0.0061428318077054855,0.008078004683129738,0.008807999993073433,0.00850033053758277,0.019353043928187912
2891,0.004333740202954179,0.008148602673259259,0.008813712381489036,0.0071650529478804285,0.010457683032056016,0.007188462942576481,0.010115950332694017,0.008554630993466518,0.010787879590689452,0.009941615251486588,0.011983289918966382,0.008240560439925802,0.01259084996631454,0.011042361979842997,0.00910229974763165,0.009647870573090632,0.009474795672602024,0.00867643376320332,0.010798470776939116,0.00945800877886446,0.010258065030065286,0.0019122665956209251,0.011428727176990956,0.009166765937836692,0.008817766211387863,0.007621117919018329,0.010189165011146844,0.012609057430827289,0.011366849013123343,0.007346211990334446,0.010965182759232181,0.00522612941048552,0.009618991768580245,0.00944529350926333,0.015285505971141713,0.006647267537172341,0.00991856834246311,0.010354380103413337,0.0012459930995374793,0.008852848946715062,0.01085672549181389,0.011320847337955546,0.01088344729735913,0.0035108467348236496,0.005911122100038874,0.0061372438636794575,0.008505269197904548,0.009928087605059602,0.01966028592500973
2892,0.004783691431259436,0.007083908485615882,0.006076943095040955,0.006051916872156594,0.0060301406057460035,0.006396654518972643,0.006626002296413888,0.0059875514235001245,0.007042899830115475,0.006059963184921893,0.007183929124258306,0.006043126891217038,0.006873753430589726,0.007243266093239927,0.006200404776781161,0.005795622614140368,0.006701927909538244,0.005076045030862495,0.006392733777194333,0.007347931995453256,0.005417113145855623,0.002355011519773339,0.006635040143026322,0.005852755352507803,0.005413644191638094,0.006257765130799075,0.006961610838653901,0.00753685574545285,0.006849536908688376,0.006193056694102652,0.007169694204226763,0.006015435137753637,0.007475118940360533,0.007265639613600656,0.006647267537172341,0.00963566050173535,0.006134212676345252,0.006156531726976476,0.0018260210057692535,0.0059352775144555555,0.007604549492112029,0.006930050529973877,0.0072964255357650335,0.003767137339460701,0.005828796004377806,0.005824798741551882,0.008127376534550928,0.006677389196276858,0.016530318673639337
3008,0.0033094095218060542,0.012192205369966068,0.014164748557005735,0.00866620461305331,0.019525693236654654,0.008220205305226543,0.018165797549163847,0.00979117574875771,0.01997425331380584,0.020315992805400643,0.021231062332966965,0.015134424663988642,0.02045538493947644,0.01756476759733072,0.0173541282207924,0.017807729831489556,0.021914049850231217,0.017455124648604495,0.0197809150866021,0.014711201717069541,0.018969612812761712,0.0015100001570077838,0.0239659898007749,0.015834873294100993,0.012780381324446491,0.006481026705614265,0.011971875729918846,0.01222947669704915,0.013487528859101596,0.006591186652460968,0.012544552339898114,0.0040794899309937295,0.010771612892054054,0.009802264439496397,0.00991856834246311,0.006134212676345252,0.03214748529386316,0.019745195212257326,0.0016501744531016932,0.019707182763363345,0.021841278204538545,0.021600686860803187,0.020501449653934977,0.0034268116352583877,0.005317853592475411,0.010857078858656626,0.015479491879958653,0.014509398490258951,0.024186478132110355
3017,0.0034895224780070884,0.01487853477235872,0.014590531719588675,0.009731727923883753,0.03846857668180203,0.008603671763667478,0.029005359476978694,0.005304828607044774,0.032716101704685266,0.030881276452141695,0.02378190029366511,0.023111509267972126,0.02477402914771056,0.040044555707395645,0.025408818284850237,0.031015689664548336,0.04364992946212972,0.028183190530721734,0.046528340232865936,0.019328008470119278,0.023361138371692233,0.0014868249022675461,0.03064197897746143,0.020961468328044186,0.017236192261192756,0.005085441562037037,0.014456347549439409,0.013675433307183326,0.014552529285200722,0.0065036165590577335,0.013468467535159187,0.0038259569787415684,0.009300745422388873,0.009530584152503881,0.010354380103413337,0.006156531726976476,0.019745195212257326,0.07418491823950336,0.0005686825619489931,0.031054081051998608,0.04323272117002834,0.03271802426652892,0.028606914989121483,0.0027029271384083255,0.0059122521728251515,0.011833057548267849,0.03668192361112167,0.016349092284656776,0.0315300428978108
3045,0.0018421242674539942,0.0029724429077021214,0.0023500701284317107,0.0022186254599790784,0.0008203976957463323,0.0015785780554272361,0.0016673731067411222,0.0017364283071492187,0.0018473893421389364,0.0006029245133045144,0.0009542550538810206,0.0014904722779953917,0.0019188277379819719,0.0008597509924937136,0.00013747478939028283,-0.00030291318118427226,0.0009732874063845897,0.0005329970120037346,-0.0003202843214208271,0.0021960060504119185,0.0021144855514051253,0.0015294037849313896,0.0005921862928032542,0.0002970363174205469,0.0013987568047636467,0.001695080807575412,0.0010566654350934721,0.0014430461556401903,0.0015809485279188672,0.00205224988582304,0.0018805518915518508,0.0014804092814786228,0.0016114554307082706,0.002022838118564225,0.0012459930995374793,0.0018260210057692535,0.0016501744531016932,0.0005686825619489931,0.005654713358167566,0.0003341649594554953,8.004526595875464e-05,-0.00016352056288397766,0.0018395853543308706,0.003991445925300179,0.0015967867597936807,0.0035036885747302287,0.0011928444993722256,0.0015247686974255313,0.002948498967157516
3231,0.0030188959607236132,0.016459706334821276,0.019804815228956857,0.010177038013971379,0.026414152240983903,0.008569013318512012,0.026183529688075607,0.008216671034397889,0.02588210831664951,0.02871458948329638,0.026293204700507566,0.017804804692028033,0.02611699023452618,0.02933319554232724,0.021138309590835742,0.023582038074774287,0.03136225698145132,0.028676967901928977,0.028391329881846745,0.01746698754578666,0.027329868257354558,0.0017247397700870715,0.02803725566180058,0.017122077940793224,0.014600987997339868,0.005390454524621357,0.012426150786938876,0.011827763121565507,0.012192580164106195,0.005506469713547829,0.012445518002647801,0.003613960878285361,0.008532982863678427,0.009714318107982319,0.008852848946715062,0.0059352775144555555,0.019707182763363345,0.031054081051998608,0.0003341649594554953,0.04637084239218607,0.03339151298348095,0.026318306629752368,0.02546954338647494,0.002720446940021007,0.005506015322427576,0.014495265705889448,0.029644537686573325,0.012489454982918667,0.02870204069595762
3653,0.002217677330929957,0.019751751031269003,0.02229595034408105,0.010789396875049387,0.03615842145321723,0.010102199100254882,0.025881217900358203,0.007574396595162288,0.027796965388483925,0.028721170711129687,0.023684259892193454,0.023912430822423683,0.023127773598598855,0.04241711746380337,0.027177076802578918,0.02836752686648491,0.045685881276050326,0.02829946586671397,0.041605468487183675,0.02237688715281421,0.02020625588149781,0.0016910855124531326,0.03693237890959784,0.024073811078920034,0.015891729246116735,0.005687498070017933,0.015567225573565713,0.015874495939266667,0.015487472033889782,0.008548077668726835,0.015660979703481636,0.004303838743751416,0.010661538514668683,0.01058702293826039,0.01085672549181389,0.007604549492112029,0.021841278204538545,0.04323272117002834,8.004526595875464e-05,0.03339151298348095,0.10333749504521778,0.03461655642885194,0.031421218151058944,0.0038002654807007823,0.006756778548609955,0.016845620232121945,0.03416764333474637,0.021176468058275798,0.03259882054203158
3661,0.0019206773138350777,0.016853134116118374,0.02222948886056243,0.011702796390306995,0.031185607415345495,0.008562542135202664,0.023674065947926794,0.008753921558502162,0.02606517876550696,0.026378762493588517,0.025427187319613142,0.02036733386815571,0.03579660338524483,0.03519181523669217,0.021039653599067704,0.025782376802477962,0.034647342916546565,0.0215067747724467,0.038036984629990334,0.01844019083709822,0.03426032833755946,0.0006921511102064284,0.036739181797428605,0.024733841564500106,0.014160607390214927,0.005463466958136813,0.014597315362083195,0.01593510335614627,0.01578277343142647,0.007236201692649188,0.012939387464475118,0.004357085183977603,0.011322307400860349,0.009708927938971542,0.011320847337955546,0.006930050529973877,0.021600686860803187,0.03271802426652892,-0.00016352056288397766,0.026318306629752368,0.03461655642885194,0.08221553494790294,0.03111807652398768,0.0035356793727355043,0.005582000412940056,0.014878601231531105,0.029244130052308224,0.020988398035810697,0.0294095037552034
3711,0.00413550564923345,0.018048750192967984,0.026998106722792667,0.011327467174642971,0.02572322913366066,0.010385155374507281,0.027253235628996578,0.012547251663072913,0.028909106165066163,0.028611261547697126,0.028113482678079962,0.023801096319531034,0.03473396412550965,0.032191592618341786,0.019299446901677127,0.026800141229236876,0.031667408660807646,0.02346874394417366,0.03128763978426839,0.018066466112735737,0.03201771540001861,0.0024422421981857394,0.0399758267453507,0.024017989676558993,0.014473166481076737,0.00793678816433263,0.01411909297758793,0.01405520462778105,0.015437974675299147,0.00660591212460083,0.014632190173076766,0.004660810803482816,0.010694486448167298,0.010869064643550535,0.01088344729735913,0.0072964255357650335,0.020501449653934977,0.028606914989121483,0.0018395853543308706,0.02546954338647494,0.031421218151058944,0.03111807652398768,0.05411993364654881,0.004382774646706765,0.005847569284277439,0.01305554848869844,0.02696111213226918,0.013867690043822913,0.03665557887663955
4904,0.003291094948577572,0.0055965065215632485,0.005100885804147702,0.0038538614868157237,0.002862965640214686,0.002973816515097303,0.003538567834128015,0.0038348134785940267,0.0034508893377636876,0.0025991695670207413,0.003104987397490881,0.0034214512489204978,0.002950164512677075,0.0041638939915362985,0.0018083946173755969,0.002693295804961124,0.002815764560671,0.002612750560214236,0.001348252894296317,0.004246988406482506,0.0033446204436741486,0.002344797588330812,0.0027462894971795526,0.0019127065100294906,0.00283397809403349,0.0033922794952475992,0.003147386386201296,0.003512775663205858,0.004328850694932074,0.0037095267330737817,0.0048230431966679674,0.002942652471718994,0.004692430887356715,0.004315022994845495,0.0035108467348236496,0.003767137339460701,0.0034268116352583877,0.0027029271384083255,0.003991445925300179,0.002720446940021007,0.0038002654807007823,0.0035356793727355043,0.004382774646706765,0.00972133592474147,0.0030787410166916804,0.007349982475237849,0.0033028036549645826,0.003974128206525706,0.007730286271778371
5880,0.004225983196301394,0.00687855692484455,0.006324311261911673,0.00535432141100765,0.005766499013099165,0.006061975754071362,0.006346351935726577,0.0048711991886378906,0.005529929516590442,0.005672968495520792,0.005974593403919717,0.005490035962308621,0.005481984758268012,0.005856939609571213,0.005102089712842625,0.005335073047043379,0.004647225831200847,0.005005206539805506,0.005836483599581104,0.005752663338223609,0.004754811023600935,0.002149233819633359,0.005261043848304317,0.005548904392018844,0.005239978448000882,0.005699362074892346,0.0063950794062858345,0.006641052301848698,0.005962869031408661,0.005587921963793098,0.0064039645693652674,0.0053801106024107745,0.00610414586064463,0.0061428318077054855,0.005911122100038874,0.005828796004377806,0.005317853592475411,0.0059122521728251515,0.0015967867597936807,0.005506015322427576,0.006756778548609955,0.005582000412940056,0.005847569284277439,0.0030787410166916804,0.006849347626556998,0.006287810773505696,0.0070685749253394095,0.003932674884389489,0.013441002789033835
6505,0.005679165498675997,0.034539473361499574,0.034547483770469053,0.01412246201091249,0.012395418288592254,0.009515815277239577,0.01228666723946807,0.007159326423276146,0.01246124762926959,0.016101891913938873,0.013598627514631265,0.01025236663295643,0.019271716821313678,0.011042872970258563,0.008266794024396692,0.008300532544923538,0.015932736158611436,0.013294588328588187,0.011122909729829933,0.012044320735925118,0.021460208792559325,0.003210173254452613,0.013521688612545631,0.010711828012004416,0.009887566227481017,0.005768685901890205,0.008357976498165031,0.008548378032015386,0.011060735824030072,0.005902669374201037,0.011557605726876016,0.005517855103091906,0.00782720375668543,0.008078004683129738,0.0061372438636794575,0.005824798741551882,0.010857078858656626,0.011833057548267849,0.0035036885747302287,0.014495265705889448,0.016845620232121945,0.014878601231531105,0.01305554848869844,0.007349982475237849,0.006287810773505696,0.05420517121152774,0.012864960760477332,0.004684446256882854,0.020686922802607057
6669,0.005060058588754002,0.015850385125362937,0.02122612655204634,0.00788159720099761,0.02893562513238399,0.008080943805526607,0.022764840724141082,0.006006799080495407,0.025455644358053087,0.024114756106229162,0.01899102123464933,0.01982896504758067,0.021577267597253487,0.03522975846580723,0.017837949159970116,0.024807442475388623,0.032453023877820994,0.0243347058207269,0.028326599754413727,0.015621282993173172,0.018838106663082888,0.0025245351969483973,0.02767553711277183,0.019259875743898182,0.01273945244720379,0.00573782332985299,0.012746160164831816,0.010918821451001611,0.011539639737560451,0.007919306468452526,0.011160531340222685,0.006309230181827708,0.007609974909106991,0.008807999993073433,0.008505269197904548,0.008127376534550928,0.015479491879958653,0.03668192361112167,0.0011928444993722256,0.029644537686573325,0.03416764333474637,0.029244130052308224,0.02696111213226918,0.0033028036549645826,0.0070685749253394095,0.012864960760477332,0.06595818246810731,0.005978086747866935,0.024065495978643606
6919,0.0026637689237090914,0.006313140456174918,0.007054917679615978,0.006961280259285209,0.020125696817686042,0.008534479562041558,0.011529771962056373,0.005362297814515697,0.01678823809369483,0.017450198568617906,0.017175295850713007,0.011095988547226368,0.01315613966560485,0.016273377824698336,0.016235991576312732,0.01604846400773165,0.017386065602424634,0.012495388383403704,0.020357428217581852,0.01241342633411022,0.013940487992675917,0.0018015688191329985,0.01885966587823031,0.01258552759204152,0.009585958243879818,0.006450468655047773,0.011971525955320488,0.013782909866652263,0.011457932829809494,0.0060422888111676095,0.011025701019045143,0.0026320176304858575,0.008993815455141545,0.00850033053758277,0.009928087605059602,0.006677389196276858,0.014509398490258951,0.016349092284656776,0.0015247686974255313,0.012489454982918667,0.021176468058275798,0.020988398035810697,0.013867690043822913,0.003974128206525706,0.003932674884389489,0.004684446256882854,0.005978086747866935,0.10051711989104162,0.02444678243614006
7769,0.012441310743029432,0.024943435560200677,0.03020833341350023,0.019800968280119353,0.032797905032359805,0.017877597840275088,0.02610709676666883,0.020321357818803374,0.029432048712451468,0.029868572084413434,0.03279103526934583,0.024964020060520512,0.031690974095986375,0.028336792386445434,0.02188771077751322,0.02886634465941213,0.03181188870645469,0.025060921919944475,0.035275417356960784,0.023135794334515302,0.03488413070632522,0.005248908672853118,0.037996548656207565,0.026706974161356187,0.016997307740932284,0.01522417116005936,0.02061500830998084,0.021070186124036213,0.020497751748917072,0.013549635186872726,0.020717308243556085,0.012582439318773753,0.01769198545533613,0.019353043928187912,0.01966028592500973,0.016530318673639337,0.024186478132110355,0.0315300428978108,0.002948498967157516,0.02870204069595762,0.03259882054203158,0.0294095037552034,0.03665557887663955,0.007730286271778371,0.013441002789033835,0.020686922802607057,0.024065495978643606,0.02444678243614006,0.10844997387693603
