,1216,1301,1303,2002,2059,2207,2301,2303,2308,2317,2327,2330,2345,2357,2379,2382,2383,2395,2412,2454,2603,2609,2615,2880,2881,2882,2883,2884,2885,2886,2887,2890,2891,2892,2912,3008,3017,3034,3045,3231,3661,3711,4904,4938,5871,5876,5880,6446,6505,6669,6919
1216,0.010004161669650284,0.006282468391369132,0.002930865534596809,0.005292158708377511,0.0028443953602821643,0.004628074536770209,0.0033811082860911897,0.004283781662119506,0.00430279649412364,0.0023180549697232686,0.0025310372347881298,0.004174691821471694,0.0015327773320342219,0.0024431186386527797,0.003190661557115813,0.0033840589488525062,0.005138193885424852,0.005635307165331939,0.002181700178650363,0.003553491211275972,0.0021768394244684477,0.0023005026831306344,0.001935639094372857,0.004845958318455949,0.00395113786481794,0.0040093589960787206,0.0033667570361450173,0.004430266007770603,0.004687238596593077,0.005226645806915381,0.004575698176919138,0.00510796651705771,0.004470750418428985,0.004847327489804996,0.004502003397161686,0.0029818724681129893,0.002692029034365839,0.0038247091075824685,0.0017237797049194112,0.0016351346897102198,-9.548298314685624e-06,0.0033259611726606034,0.0028895528870783657,0.003152310105122056,0.004757904744301777,0.005082373742230586,0.004520190118167187,0.006546118448681905,0.005892988351896626,0.002350905499368692,0.00018361831884953182
1301,0.006282468391369132,0.04691856256638494,0.04363364397335516,0.018552783729378342,0.014274685425338472,0.011814618217434071,0.010259571647503291,0.009742283286560733,0.012589982837907096,0.01415214722482763,0.010972281668221624,0.012572732485298515,0.01400131864130792,0.009087893219233326,0.007022813818984522,0.010796299467080538,0.015614785227032121,0.010341126709687577,0.002581447024458087,0.00990151282202668,0.010000227543699194,0.0094080459292067,0.011834184759152374,0.005328371919152827,0.0080178169319577,0.009251020855333567,0.010283122119217057,0.005766919981211063,0.009160602816562604,0.005871261676106063,0.00827593915411952,0.00765133182326941,0.006236207221032412,0.005963963860026069,0.005053572865246038,0.009266218325686845,0.01571603685796703,0.0062625132775024454,0.0031248280634112854,0.012558965658994935,0.01306167035814248,0.012376453714419951,0.006007062292376821,0.009135520291366463,0.012881202511443993,0.004125517911049713,0.00636056041209871,0.011469026581910182,0.04027757175154159,0.012970786990268306,0.006313572197446901
1303,0.002930865534596809,0.04363364397335516,0.06938124048801281,0.019612592537796326,0.01819753303801412,0.01225986484194458,0.016231180731642817,0.007884139705404464,0.020351423678914005,0.020177577853202504,0.01307865822751782,0.01576986527369776,0.02588019387263492,0.009237434703970678,0.007750815465715444,0.013825288051251248,0.02573395317708143,0.011785857760390959,0.002369432511447496,0.011480826964711054,0.010427861887951168,0.008972253960961275,0.013789498743278355,0.0046365692449519815,0.008400935831082635,0.00846063453425921,0.009762618392833359,0.004319683852299642,0.008757075604251848,0.00580198674583972,0.005492336432186453,0.0055340216449334375,0.004513901686010555,0.004297810333940061,0.005100524125725032,0.00855177031270628,0.02379531933498483,0.005454404240176916,0.00276484917243623,0.014414893841854765,0.01975147595833592,0.016769289176929207,0.004626243331179903,0.009857068566352394,0.013360396798684258,0.005283123861523797,0.005262434711275032,0.008655725441514757,0.036579786271069704,0.021920572543358822,0.0033814186033128924
2002,0.005292158708377511,0.018552783729378342,0.019612592537796326,0.019398876415631056,0.007507593525498964,0.00958519254975148,0.009299002140757164,0.008162613279651457,0.01024344821663026,0.01060467057846311,0.009768487514132704,0.007931557207383618,0.006907693171390117,0.008313577669471491,0.00495313804817714,0.007979546883209081,0.007774396797555264,0.01029415596537342,0.002049157707944744,0.007269436830785865,0.008003657203510494,0.008916500241612155,0.009682884863645816,0.005505592547824613,0.00763065908982706,0.008353323463547122,0.009489264917302743,0.004887844487456959,0.008184626381217622,0.004752829705480853,0.007611704451193161,0.006850694345972763,0.006682041033258113,0.00598262533420331,0.0036509551275817525,0.007002347349071917,0.009167366000099042,0.0068832665021199575,0.002225888513328771,0.008326707513458582,0.009829644640122787,0.009307065212194118,0.0034870420149694338,0.00794995101271146,0.010281918965175364,0.003738224537798118,0.005679108297403335,0.00832772757508271,0.015672242120146722,0.003999911075544136,0.006283899707264258
2059,0.0028443953602821643,0.014274685425338472,0.01819753303801412,0.007507593525498964,0.06751472116673948,0.008690315289352773,0.02431654955579504,0.003903051742046643,0.029078029370992936,0.02723727469992953,0.021348868952676063,0.01853917751389211,0.038799618078594895,0.024347695161746733,0.01477298976625609,0.02603825356467265,0.045259708596998474,0.01581368960396013,-8.454327805124881e-05,0.022465421341329554,0.016907370166704284,0.018036401307127973,0.01964905486245454,0.0036665195675367303,0.012242282606121572,0.014645358821611281,0.011404888795688406,0.005322681176064594,0.012671036303179017,0.0022667012739929324,0.006225503319646097,0.007297090374755173,0.009019558360480257,0.0030775221265093035,0.0015073191873348022,0.018704537531957808,0.04096603199479468,0.005648780589852877,-0.0008674081253574004,0.025986455450414343,0.03808656813277762,0.023853158599870042,0.0021038853071333394,0.01340274743283788,0.015259633458251492,-0.0022626384186194065,0.004580695463441494,0.011446605525466901,0.015917726001804557,0.035963001061534744,0.02307631471347925
2207,0.004628074536770209,0.011814618217434071,0.01225986484194458,0.00958519254975148,0.008690315289352773,0.01613443786343702,0.008911138931964815,0.007996485303795427,0.008670952938123474,0.010206058317692574,0.01012372748864383,0.009684605442213683,0.01061523496241017,0.009034748158763485,0.006313971222288303,0.008529168009078714,0.010393320924077744,0.00878316291013046,0.0021026084346201196,0.009255024762918925,0.007429742433408202,0.008728634459610453,0.008441458851668885,0.006523989701510641,0.008297627858232536,0.00907961506991628,0.008599721885504152,0.0057151814588439695,0.008097468157353275,0.005497201755582321,0.008109693775828422,0.0075517608071574704,0.00770715928563491,0.006490456174534047,0.0041720562169230094,0.007162308499926442,0.008828093698630905,0.006848027954753446,0.0013378612658967906,0.007741405565057549,0.006773958577870849,0.008064889541622017,0.002752356855755591,0.008449682114457888,0.009407284184725175,0.006507424150388477,0.006556843249072197,0.00735758590895959,0.01166792312240874,0.00915858833187123,0.008542912774236565
2301,0.0033811082860911897,0.010259571647503291,0.016231180731642817,0.009299002140757164,0.02431654955579504,0.008911138931964815,0.03686422716896643,0.0061586621354157095,0.025712077798913616,0.0205883617427713,0.01681690186811128,0.016877358448055213,0.026814659261949293,0.016098579731672707,0.010446322829863984,0.02042562262981705,0.023477276102410613,0.01620124940549298,0.0022945633587117746,0.014194900467709132,0.012672707554290324,0.013157837836755521,0.015413856768414384,0.003788722268309849,0.009564850514042912,0.010695605246162412,0.01050333698973031,0.005363879633047338,0.012544645659507558,0.002250944999155467,0.007118536606344492,0.007118224881536681,0.008571553395786939,0.0034710754017509664,0.0020930196221391325,0.014529691831122103,0.027620814339083227,0.007619871061560722,0.000880425815888519,0.02338966728596202,0.0170432106004561,0.01569733565066257,0.002359218604336312,0.016541162289645805,0.012724335552045113,0.0024851775729205685,0.005353182201458492,0.00929618143619797,0.01188207070568027,0.020076358684360276,0.00892873810388435
2303,0.004283781662119506,0.009742283286560733,0.007884139705404464,0.008162613279651457,0.003903051742046643,0.007996485303795427,0.0061586621354157095,0.017589023376360657,0.004117561821051029,0.007290362579858159,0.008768842586959853,0.007042240639505342,0.005134939482068509,0.01035999853820433,0.006368706917359131,0.006692690828439026,0.005277756751968604,0.006299275211432573,0.001727965391099302,0.006011076502692014,0.00843226684079997,0.008755857245059274,0.010252518046121114,0.003847637059762358,0.006353900780006382,0.008204621765718867,0.00486069218635387,0.005281136952696886,0.006056978564656813,0.0036648070276314878,0.006406571970778648,0.0062939690202242,0.007224048801690846,0.005765658564405759,0.0031011971303471276,0.007987775597129088,0.00400801477036225,0.008007564773229989,0.0015828906956183676,0.007146565960700148,0.003336665316833645,0.0069527478020991835,0.0034550890262122656,0.007233433002699037,0.008506951616678048,0.0033191222655069193,0.004737179284400035,0.008668483966369052,0.006726534166050374,0.004647912850009477,0.00707700133134871
2308,0.00430279649412364,0.012589982837907096,0.020351423678914005,0.01024344821663026,0.029078029370992936,0.008670952938123474,0.025712077798913616,0.004117561821051029,0.04661207530722309,0.025511871465390284,0.019188632277065288,0.020892615756214327,0.03233176910146755,0.01580516530421665,0.012077410519448403,0.02228992481132127,0.03770099185606304,0.01754414787378766,0.0023386309108463514,0.017532919362425868,0.013755565874185,0.013241078341177779,0.012919619487318342,0.004602487026584727,0.011914545686902882,0.012143358073739726,0.011018926634935266,0.006430272689731843,0.011147676457540586,0.0026940624597840885,0.007955676095476203,0.008180453881970124,0.008731562643706435,0.004823220353421412,0.003817098024324634,0.015832638621506075,0.037097472827170234,0.008708392309206317,0.0005797526821877105,0.02108596440186555,0.028142369046896987,0.02070996906498775,0.003124657294559686,0.0154227975712818,0.013037605763432497,0.0009817217256935585,0.004920264575197031,0.011941273244537238,0.014100696876442534,0.02669706836316167,0.009836556972934613
2317,0.0023180549697232686,0.01415214722482763,0.020177577853202504,0.01060467057846311,0.02723727469992953,0.010206058317692574,0.0205883617427713,0.007290362579858159,0.025511871465390284,0.03391089438349148,0.021028939267176493,0.019637399153220957,0.02936699709139103,0.018433667455478062,0.010745958363511552,0.026319237599101587,0.029459100370295418,0.014000107403942585,0.001130001382686246,0.016915095751273628,0.01609127787359737,0.01665549357866755,0.016888527806047694,0.004057417090306503,0.012387598005851654,0.013439563262297036,0.012302358092961293,0.005396884803676545,0.011305628173369364,0.0018782889314947861,0.007101178681966058,0.007850135347086173,0.008612185805370329,0.004242966526547454,0.002233674824047657,0.01750846065667908,0.032107128263105016,0.008512292802177275,-0.0007176863924747972,0.025744096601650005,0.02832633942675224,0.021493580500541117,0.0012176598426996037,0.014835274578867833,0.014932402352811095,0.0012444376333516731,0.004936950796421521,0.013056140824354268,0.01612027519366517,0.026338047162866807,0.021514948091843383
2327,0.0025310372347881298,0.010972281668221624,0.01307865822751782,0.009768487514132704,0.021348868952676063,0.01012372748864383,0.01681690186811128,0.008768842586959853,0.019188632277065288,0.021028939267176493,0.028739874670060114,0.013853139065656652,0.022541760676691208,0.01744943765827106,0.010134410222088752,0.018333367970975067,0.020419186223433087,0.01154466307197745,0.0008450360728621656,0.01301399736354812,0.014387297954753795,0.014637495941811421,0.016744544318914447,0.005306707149783122,0.0118312453124036,0.012582858331618601,0.012206684565989516,0.0057205040568581896,0.010325653477755818,0.002501719660995953,0.008795879120318095,0.008041820748959618,0.009260975538438297,0.005553612997355463,0.002937713814424661,0.015920035198336804,0.022885275549374383,0.00916024584682555,4.640208017387954e-05,0.020579944134985984,0.020737731780087882,0.017003080641087045,0.0020355068304817618,0.01401590769479822,0.014380697454062442,0.0012835140877888087,0.00522454136655772,0.013191844655820639,0.011441186848320035,0.016821277422420226,0.016058863904736747
2330,0.004174691821471694,0.012572732485298515,0.01576986527369776,0.007931557207383618,0.01853917751389211,0.009684605442213683,0.016877358448055213,0.007042240639505342,0.020892615756214327,0.019637399153220957,0.013853139065656652,0.024934905702139753,0.02276689727275329,0.013344678291311841,0.012283419076947952,0.017181644583509244,0.022368601680738266,0.014291016625226109,0.0020355426943774236,0.01667562039394154,0.010695231357936848,0.010301106023675217,0.011491081648620125,0.0048508703849186935,0.011197562568752185,0.011460021198175104,0.009541966300972413,0.006122209863751924,0.010054972533685614,0.0033122942388482276,0.007407357457313256,0.00738251260378223,0.008309204363544353,0.004927696057638314,0.003641534348399114,0.013188996452533545,0.022733355339735542,0.008745832191654463,0.001310279935490336,0.015883328352683388,0.022292681838357982,0.01888451667407718,0.003382397784815358,0.01299917788439854,0.01163064918051261,0.002981633584293405,0.005485044223274441,0.01069686983006773,0.013230822717354035,0.021128196705272932,0.01376908747319796
2345,0.0015327773320342219,0.01400131864130792,0.02588019387263492,0.006907693171390117,0.038799618078594895,0.01061523496241017,0.026814659261949293,0.005134939482068509,0.03233176910146755,0.02936699709139103,0.022541760676691208,0.02276689727275329,0.0640457177178944,0.02176321476773397,0.01391460154331377,0.026526303929182066,0.04593366133080956,0.016132428920061486,0.0007897189009819506,0.021814680306070606,0.014925837770497385,0.01448361176002655,0.018685599850580124,0.0029223899696253657,0.011837005045197751,0.011483537014254228,0.010002543170661678,0.00610676963670473,0.011883955171323355,0.0010156240777687534,0.0069271649031822785,0.007502442261045503,0.008042023643684695,0.0030597274535970444,0.0029670192594446463,0.019110451762371777,0.04497174120362599,0.008272497102056218,-4.7655756562726344e-05,0.0301850849493825,0.0337064398702458,0.02339736883054121,0.003523866302572326,0.015172417821780517,0.015553954844149509,0.0014407106676816986,0.003511537818278752,0.013141854189271504,0.014374162374983096,0.038921532613147285,0.0150154688026883
2357,0.0024431186386527797,0.009087893219233326,0.009237434703970678,0.008313577669471491,0.024347695161746733,0.009034748158763485,0.016098579731672707,0.01035999853820433,0.01580516530421665,0.018433667455478062,0.01744943765827106,0.013344678291311841,0.02176321476773397,0.035379005242929966,0.0117466154179955,0.020467311506355258,0.021096998424791215,0.013644515479059063,0.00015254455457242044,0.014809834448105864,0.015867539042351407,0.016990582414060196,0.018107043643823827,0.0038706154305870387,0.011954283822652439,0.012183745083349273,0.010285822519548344,0.005891675459549015,0.011400915914664677,0.002494891657111994,0.008531483171852953,0.007933735793750488,0.008812457247173321,0.005072119819976142,0.0019246726986417995,0.016739947305204308,0.02336845498386183,0.008740799255648994,-0.001815038144652535,0.019269263852555674,0.019507334028951148,0.014986061157630483,0.0002882760439622291,0.015137068614921076,0.012880974696807074,0.0006712144848821047,0.004814888010692661,0.013914181297853113,0.0071398857590747825,0.014822021605611501,0.014390006933666507
2379,0.003190661557115813,0.007022813818984522,0.007750815465715444,0.00495313804817714,0.01477298976625609,0.006313971222288303,0.010446322829863984,0.006368706917359131,0.012077410519448403,0.010745958363511552,0.010134410222088752,0.012283419076947952,0.01391460154331377,0.0117466154179955,0.021649428718827305,0.011063568563258717,0.014313348403992588,0.011021377595051634,0.0012733359551750992,0.013365367173347563,0.009189600327418784,0.0083611607072914,0.008289339275468011,0.003862791668603198,0.007182550267711955,0.007852504278534402,0.006970896224262414,0.005778887721975618,0.006103655938332398,0.002368395253584729,0.006909997896575106,0.0047329225037563045,0.005385963794143078,0.0038669748412665647,0.0013829801906805087,0.011424694938648717,0.01340770660619382,0.009058208703679866,0.0009799570028847344,0.010550904970918882,0.01703259010980417,0.0129417535260329,0.002329758511494461,0.008064782451454715,0.007403841107596137,0.0010587624705725145,0.0035861179604839842,0.008319955345824661,0.006679525923049509,0.01400694956871571,0.0064755985568709555
2382,0.0033840589488525062,0.010796299467080538,0.013825288051251248,0.007979546883209081,0.02603825356467265,0.008529168009078714,0.02042562262981705,0.006692690828439026,0.02228992481132127,0.026319237599101587,0.018333367970975067,0.017181644583509244,0.026526303929182066,0.020467311506355258,0.011063568563258717,0.033403255502395146,0.02722997543243072,0.014225268019053364,0.0012197245834348102,0.015092508591203854,0.015234108132458617,0.01653014103776745,0.01775771658003739,0.004262285390434527,0.010228643847461099,0.011074653208239601,0.010595088499362235,0.004282300554568308,0.0102006306202483,0.0017639788730134367,0.005881267416087699,0.007152524915694108,0.00819652601022163,0.003441606682350148,0.0019228300094757368,0.014830708338655574,0.03140118036113711,0.008558765191944534,-0.0008237305311769098,0.02986589181297009,0.022194508703792155,0.019771245495506292,0.0011737331596157548,0.016016083780767906,0.012375622256901987,0.0007551220339190043,0.004482683588766524,0.012801682371520904,0.012924047657327744,0.02602954638708196,0.011672851209637708
2383,0.005138193885424852,0.015614785227032121,0.02573395317708143,0.007774396797555264,0.045259708596998474,0.010393320924077744,0.023477276102410613,0.005277756751968604,0.03770099185606304,0.029459100370295418,0.020419186223433087,0.022368601680738266,0.04593366133080956,0.021096998424791215,0.014313348403992588,0.02722997543243072,0.07011131304508444,0.018200620896196104,0.0009564968153124667,0.02048272517598441,0.01578076135848507,0.015558118999698882,0.015526187614583456,0.00371672673418502,0.012769426080349337,0.010927583254744655,0.01061277270300538,0.004793940634130441,0.01246504301165422,0.002511230255473287,0.005484934566916553,0.008452207276776182,0.00985589206658007,0.0036119638401686995,0.0030081843708525493,0.018271581435934884,0.046753665326867457,0.008231181548686413,-0.0011655434699462386,0.026166712103126138,0.040366342194248096,0.021212200849992223,0.0023050342373858762,0.013598761505682488,0.015237809915763338,0.000794676665714963,0.004490156084991534,0.01261890970732841,0.018621420546739372,0.035453800690369824,0.017906422684103415
2395,0.005635307165331939,0.010341126709687577,0.011785857760390959,0.01029415596537342,0.01581368960396013,0.00878316291013046,0.01620124940549298,0.006299275211432573,0.01754414787378766,0.014000107403942585,0.01154466307197745,0.014291016625226109,0.016132428920061486,0.013644515479059063,0.011021377595051634,0.014225268019053364,0.018200620896196104,0.02953901995312556,0.0020584493614517253,0.012473584008384568,0.01048788327756027,0.010092589382918515,0.010706476843743791,0.005228508960859458,0.008534429219686737,0.01006553190562522,0.009415954882746455,0.004736298616746055,0.010078368538968686,0.003634839006994383,0.008816975411636173,0.008522320570868621,0.007784900903388481,0.004871343305277408,0.0025849628901321847,0.012456821747080368,0.016285943774732282,0.008391308778849242,0.0011991847144254132,0.015370003312181201,0.01614044285393427,0.013651712356562878,0.0032774427960383843,0.011409157078988557,0.010274952410381507,0.0012787713214956233,0.005042358496948474,0.010311878575429268,0.010854961102240938,0.010261692146320334,0.011110683205788912
2412,0.002181700178650363,0.002581447024458087,0.002369432511447496,0.002049157707944744,-8.454327805124881e-05,0.0021026084346201196,0.0022945633587117746,0.001727965391099302,0.0023386309108463514,0.001130001382686246,0.0008450360728621656,0.0020355426943774236,0.0007897189009819506,0.00015254455457242044,0.0012733359551750992,0.0012197245834348102,0.0009564968153124667,0.0020584493614517253,0.00365957497674133,0.001997280053774224,0.0016766739661861693,0.0010722805043981633,0.0017171764223388494,0.0028684640125604373,0.002653069664158744,0.0031755928780198483,0.0024040958946156526,0.002484439477032797,0.002786310033731137,0.0028523529156681752,0.0026038884414205164,0.002758161478759481,0.0027956587781801357,0.002552218513304399,0.0019179553238442052,0.0007547247883799418,0.0025161539023082643,0.0011385272222651098,0.0020145537877238463,0.0013938398687520638,-0.000649562250436145,0.001940002488826143,0.002684708425653607,0.0013590913954651632,0.002115492700016597,0.002596898777788367,0.002481853137811413,0.002198037917065031,0.002895519641538053,0.0022196091480522007,0.0025204573980041113
2454,0.003553491211275972,0.00990151282202668,0.011480826964711054,0.007269436830785865,0.022465421341329554,0.009255024762918925,0.014194900467709132,0.006011076502692014,0.017532919362425868,0.016915095751273628,0.01301399736354812,0.01667562039394154,0.021814680306070606,0.014809834448105864,0.013365367173347563,0.015092508591203854,0.02048272517598441,0.012473584008384568,0.001997280053774224,0.030195321158629558,0.014075271090896685,0.013055696106000726,0.015237368202072943,0.004949686449490591,0.010311156986464322,0.0100411735300978,0.009363687995077861,0.00715254475577085,0.010374046107992954,0.003984358360452587,0.008460600402825999,0.0067370607348703595,0.008335409151411457,0.0050914609649153385,0.002962795475162972,0.015547983906303624,0.01813954295552766,0.0084438334170939,-0.00012126636178233995,0.013589128699265691,0.02222763095586928,0.018737308528104065,0.001400704180621486,0.011101841256635958,0.012313502275433907,0.0035014380764074346,0.005356698294178646,0.010893568475594218,0.010070715010621562,0.020767812995334457,0.013767964922213627
2603,0.0021768394244684477,0.010000227543699194,0.010427861887951168,0.008003657203510494,0.016907370166704284,0.007429742433408202,0.012672707554290324,0.00843226684079997,0.013755565874185,0.01609127787359737,0.014387297954753795,0.010695231357936848,0.014925837770497385,0.015867539042351407,0.009189600327418784,0.015234108132458617,0.01578076135848507,0.01048788327756027,0.0016766739661861693,0.014075271090896685,0.028564862972569473,0.02555844790307871,0.028774798930352275,0.0044040992051366705,0.010774552820821078,0.012546129016732063,0.010205515463811593,0.005737975342319861,0.01038812251967202,0.003253340227718418,0.008459394197910784,0.006987100018221624,0.009634242996912583,0.005376880700975275,0.0021723439802974966,0.012672445069366621,0.018410114588630417,0.007517333212659053,0.0005618782792028884,0.015022414182765542,0.015816360022803396,0.01395541359024843,0.001990207066269607,0.011857297082636501,0.012920085822958855,0.002125629303422442,0.00570000967376993,0.008272101635261259,0.008454315379028776,0.012920234739483847,0.011169780110344606
2609,0.0023005026831306344,0.0094080459292067,0.008972253960961275,0.008916500241612155,0.018036401307127973,0.008728634459610453,0.013157837836755521,0.008755857245059274,0.013241078341177779,0.01665549357866755,0.014637495941811421,0.010301106023675217,0.01448361176002655,0.016990582414060196,0.0083611607072914,0.01653014103776745,0.015558118999698882,0.010092589382918515,0.0010722805043981633,0.013055696106000726,0.02555844790307871,0.031536378543511864,0.031399998089136974,0.004246037139387291,0.00898411700692026,0.01112509079367196,0.010417198573901101,0.005110150066128452,0.009493463159295834,0.0022271913880037666,0.007489562343228024,0.006583979582503528,0.009002367529397395,0.004347997702064434,0.0010801689518767674,0.011309296923578453,0.018612721487830844,0.007843524486914466,8.97994521359436e-05,0.016209791146578768,0.015750077916869644,0.012610998486209444,0.0015571646912415674,0.012136305134361284,0.01261077876231023,0.002280418458657804,0.0051192437446681335,0.006907492034631013,0.008584085710634319,0.012166805059482621,0.013002323041569471
2615,0.001935639094372857,0.011834184759152374,0.013789498743278355,0.009682884863645816,0.01964905486245454,0.008441458851668885,0.015413856768414384,0.010252518046121114,0.012919619487318342,0.016888527806047694,0.016744544318914447,0.011491081648620125,0.018685599850580124,0.018107043643823827,0.008289339275468011,0.01775771658003739,0.015526187614583456,0.010706476843743791,0.0017171764223388494,0.015237368202072943,0.028774798930352275,0.031399998089136974,0.05009485669892712,0.0034416473607062096,0.011429980216079667,0.015816118132028167,0.011729650001179138,0.00563378315972389,0.011284467518448249,0.002142761459814654,0.00921939051416157,0.007106120558358038,0.009836392149474274,0.004230971283241361,0.0014565318161066042,0.013598497497945197,0.020002591525798134,0.007181533357104302,0.0006583827701696472,0.019801823825066577,0.016419736757685263,0.012866567360477248,0.0013620983619787332,0.012202584761093998,0.016274167928005335,0.002497320485582394,0.0050218753712098435,0.008830345778964915,0.009914723314347522,0.011530305082642026,0.010884060668004968
2880,0.004845958318455949,0.005328371919152827,0.0046365692449519815,0.005505592547824613,0.0036665195675367303,0.006523989701510641,0.003788722268309849,0.003847637059762358,0.004602487026584727,0.004057417090306503,0.005306707149783122,0.0048508703849186935,0.0029223899696253657,0.0038706154305870387,0.003862791668603198,0.004262285390434527,0.00371672673418502,0.005228508960859458,0.0028684640125604373,0.004949686449490591,0.0044040992051366705,0.004246037139387291,0.0034416473607062096,0.009108802681973631,0.006424867152109343,0.006971008096584099,0.006613920557104637,0.005803266434026587,0.00619036754694671,0.006220177784205387,0.00692405474750426,0.0066690801405729,0.006699794308109106,0.00618716918163322,0.0038455989181996266,0.0038485175900246486,0.004958971489187325,0.004529811928264329,0.00202849419672277,0.0030184676140976373,0.003007602393478239,0.00530719273200118,0.0031926920555539343,0.0046653791632846504,0.0064294703488597775,0.005964980764241602,0.00607158933576798,0.006688781172820569,0.004951594722250012,0.0024009163034770186,0.00477144823041515
2881,0.00395113786481794,0.0080178169319577,0.008400935831082635,0.00763065908982706,0.012242282606121572,0.008297627858232536,0.009564850514042912,0.006353900780006382,0.011914545686902882,0.012387598005851654,0.0118312453124036,0.011197562568752185,0.011837005045197751,0.011954283822652439,0.007182550267711955,0.010228643847461099,0.012769426080349337,0.008534429219686737,0.002653069664158744,0.010311156986464322,0.010774552820821078,0.00898411700692026,0.011429980216079667,0.006424867152109343,0.017198869861349678,0.01606820707685969,0.011555478334916179,0.006941768260877402,0.011632283883606615,0.005477359580190027,0.009970245160397751,0.008523790242807305,0.010396797852295666,0.0068274072026636885,0.002940529666117604,0.010498180797244301,0.014203709822111568,0.0060616068405212435,0.001013098628083167,0.010075689958205096,0.01289157813466642,0.01177502642455188,0.003121407739317798,0.009182364665572129,0.01104412398677254,0.004284090240129037,0.006418447772591239,0.011444181323449964,0.008573729752151229,0.012330848490296758,0.012054686368123763
2882,0.0040093589960787206,0.009251020855333567,0.00846063453425921,0.008353323463547122,0.014645358821611281,0.00907961506991628,0.010695605246162412,0.008204621765718867,0.012143358073739726,0.013439563262297036,0.012582858331618601,0.011460021198175104,0.011483537014254228,0.012183745083349273,0.007852504278534402,0.011074653208239601,0.010927583254744655,0.01006553190562522,0.0031755928780198483,0.0100411735300978,0.012546129016732063,0.01112509079367196,0.015816118132028167,0.006971008096584099,0.01606820707685969,0.022646296205817793,0.012861390433713708,0.007638740837869405,0.012424043153213616,0.005462775844960233,0.011156183843171956,0.00979574774967652,0.01226091991292787,0.007081528936808244,0.003495163615101514,0.009677868114205165,0.014206359268974372,0.00664977203872865,0.0022352084306326487,0.009680507753139164,0.012484689282382638,0.011477756582570536,0.003963391970949683,0.009837365949409283,0.011996543485658874,0.003989002287301058,0.006684076310955615,0.010167796009875866,0.009088262653185785,0.010009386523145631,0.014591508637309127
2883,0.0033667570361450173,0.010283122119217057,0.009762618392833359,0.009489264917302743,0.011404888795688406,0.008599721885504152,0.01050333698973031,0.00486069218635387,0.011018926634935266,0.012302358092961293,0.012206684565989516,0.009541966300972413,0.010002543170661678,0.010285822519548344,0.006970896224262414,0.010595088499362235,0.01061277270300538,0.009415954882746455,0.0024040958946156526,0.009363687995077861,0.010205515463811593,0.010417198573901101,0.011729650001179138,0.006613920557104637,0.011555478334916179,0.012861390433713708,0.01761941589051316,0.00659522637146449,0.010706720976214258,0.004484052758943697,0.011333378649407288,0.008733137127190772,0.009935321297179263,0.005845402640661108,0.0020098312759267638,0.00979897300266165,0.012616806558538203,0.0058106239772853846,0.0015043081639931617,0.010124746180535552,0.01194326714767469,0.010565972706442304,0.004098224760616139,0.009849971847371798,0.009837917043158971,0.0035204930447894755,0.005562131033444957,0.00835815569479868,0.011743208387520127,0.007943594274882521,0.010445586802023432
2884,0.004430266007770603,0.005766919981211063,0.004319683852299642,0.004887844487456959,0.005322681176064594,0.0057151814588439695,0.005363879633047338,0.005281136952696886,0.006430272689731843,0.005396884803676545,0.0057205040568581896,0.006122209863751924,0.00610676963670473,0.005891675459549015,0.005778887721975618,0.004282300554568308,0.004793940634130441,0.004736298616746055,0.002484439477032797,0.00715254475577085,0.005737975342319861,0.005110150066128452,0.00563378315972389,0.005803266434026587,0.006941768260877402,0.007638740837869405,0.00659522637146449,0.009106812304013777,0.006990777416970488,0.0051821585791765245,0.0070801120644302055,0.006552167654400861,0.006940828798401824,0.006109568957666858,0.0034424866824355645,0.00512158123121377,0.0064921087730801805,0.005012142208660878,0.0018743497878163282,0.0034561368118149337,0.004896355483506947,0.006075815122553175,0.0035103523480633195,0.005169877836517277,0.006736316746214607,0.004634318161414936,0.005631920128765434,0.0064531387971518365,0.004457831703033981,0.006701226410521492,0.004155283656984887
2885,0.004687238596593077,0.009160602816562604,0.008757075604251848,0.008184626381217622,0.012671036303179017,0.008097468157353275,0.012544645659507558,0.006056978564656813,0.011147676457540586,0.011305628173369364,0.010325653477755818,0.010054972533685614,0.011883955171323355,0.011400915914664677,0.006103655938332398,0.0102006306202483,0.01246504301165422,0.010078368538968686,0.002786310033731137,0.010374046107992954,0.01038812251967202,0.009493463159295834,0.011284467518448249,0.00619036754694671,0.011632283883606615,0.012424043153213616,0.010706720976214258,0.006990777416970488,0.014863580100618641,0.005370918302065265,0.009510760558787858,0.008372000939226522,0.009668068852685344,0.006160169090179425,0.002768867621356254,0.010277237120867411,0.013329829758043052,0.00648444067036356,0.0021453197607640972,0.01046227278034648,0.00999130638409823,0.010969493021627606,0.004653806398572717,0.009447979484637551,0.011029682850175493,0.003909424830200055,0.0064886576593075505,0.009062426677335896,0.009763151370681901,0.010168215774431113,0.009414140359713191
2886,0.005226645806915381,0.005871261676106063,0.00580198674583972,0.004752829705480853,0.0022667012739929324,0.005497201755582321,0.002250944999155467,0.0036648070276314878,0.0026940624597840885,0.0018782889314947861,0.002501719660995953,0.0033122942388482276,0.0010156240777687534,0.002494891657111994,0.002368395253584729,0.0017639788730134367,0.002511230255473287,0.003634839006994383,0.0028523529156681752,0.003984358360452587,0.003253340227718418,0.0022271913880037666,0.002142761459814654,0.006220177784205387,0.005477359580190027,0.005462775844960233,0.004484052758943697,0.0051821585791765245,0.005370918302065265,0.00883687979948618,0.005832525326367281,0.005265386717641666,0.00469658104132786,0.006458509917199437,0.003886711914364767,0.001901847988297374,0.0030617142127180213,0.0038711839500429647,0.0015146423878918186,0.0008753517750476682,0.002871772555210758,0.0034354172972718257,0.002557527673084367,0.0021759629362318672,0.00456221873286959,0.006537470778671364,0.005863307221465585,0.0044709141998949455,0.005799002781889025,0.005645025274815776,-6.15466163438726e-05
2887,0.004575698176919138,0.00827593915411952,0.005492336432186453,0.007611704451193161,0.006225503319646097,0.008109693775828422,0.007118536606344492,0.006406571970778648,0.007955676095476203,0.007101178681966058,0.008795879120318095,0.007407357457313256,0.0069271649031822785,0.008531483171852953,0.006909997896575106,0.005881267416087699,0.005484934566916553,0.008816975411636173,0.0026038884414205164,0.008460600402825999,0.008459394197910784,0.007489562343228024,0.00921939051416157,0.00692405474750426,0.009970245160397751,0.011156183843171956,0.011333378649407288,0.0070801120644302055,0.009510760558787858,0.005832525326367281,0.019803922394254724,0.008686018951529416,0.0072878744241110785,0.007474892215837921,0.003751603306804059,0.0099390470379873,0.007680823371556804,0.006406611015850598,0.002172590697806762,0.006403825747516654,0.007245863952540855,0.006991582936289219,0.0049503350156187035,0.008288932626109068,0.008926066899051786,0.0043805026754850694,0.006457534895282874,0.008625063336556929,0.007348535295973121,0.004078857919231532,0.009739614611966924
2890,0.00510796651705771,0.00765133182326941,0.0055340216449334375,0.006850694345972763,0.007297090374755173,0.0075517608071574704,0.007118224881536681,0.0062939690202242,0.008180453881970124,0.007850135347086173,0.008041820748959618,0.00738251260378223,0.007502442261045503,0.007933735793750488,0.0047329225037563045,0.007152524915694108,0.008452207276776182,0.008522320570868621,0.002758161478759481,0.0067370607348703595,0.006987100018221624,0.006583979582503528,0.007106120558358038,0.0066690801405729,0.008523790242807305,0.00979574774967652,0.008733137127190772,0.006552167654400861,0.008372000939226522,0.005265386717641666,0.008686018951529416,0.012255889360984061,0.00823546560452361,0.007020470994044002,0.0033806461066254274,0.007716226035880005,0.00811447714155258,0.0055688159244944605,0.0017119828953571427,0.007761252441546174,0.005678336836287835,0.007152078287945747,0.00378638440956447,0.007059890752793215,0.008084820621640584,0.004653063627512052,0.00619842494367926,0.009388395338464766,0.007291133046964167,0.0052551359726365965,0.007785515361233696
2891,0.004470750418428985,0.006236207221032412,0.004513901686010555,0.006682041033258113,0.009019558360480257,0.00770715928563491,0.008571553395786939,0.007224048801690846,0.008731562643706435,0.008612185805370329,0.009260975538438297,0.008309204363544353,0.008042023643684695,0.008812457247173321,0.005385963794143078,0.00819652601022163,0.00985589206658007,0.007784900903388481,0.0027956587781801357,0.008335409151411457,0.009634242996912583,0.009002367529397395,0.009836392149474274,0.006699794308109106,0.010396797852295666,0.01226091991292787,0.009935321297179263,0.006940828798401824,0.009668068852685344,0.00469658104132786,0.0072878744241110785,0.00823546560452361,0.0130737185709567,0.005795635696775558,0.003018946760707986,0.007002301142731643,0.010458304694584789,0.005389050732536499,0.0018908853822243148,0.006216547574565922,0.007562255632775412,0.007817498253080889,0.003834142723096874,0.00814885983418009,0.009562849905615893,0.004020273607705857,0.005861143384046681,0.008367833241734398,0.006081515910111442,0.006774476077043637,0.008595501568957088
2892,0.004847327489804996,0.005963963860026069,0.004297810333940061,0.00598262533420331,0.0030775221265093035,0.006490456174534047,0.0034710754017509664,0.005765658564405759,0.004823220353421412,0.004242966526547454,0.005553612997355463,0.004927696057638314,0.0030597274535970444,0.005072119819976142,0.0038669748412665647,0.003441606682350148,0.0036119638401686995,0.004871343305277408,0.002552218513304399,0.0050914609649153385,0.005376880700975275,0.004347997702064434,0.004230971283241361,0.00618716918163322,0.0068274072026636885,0.007081528936808244,0.005845402640661108,0.006109568957666858,0.006160169090179425,0.006458509917199437,0.007474892215837921,0.007020470994044002,0.005795635696775558,0.008998842567498258,0.003970346642606513,0.004935160216245,0.004304088796169074,0.006202632766863903,0.0018080106053549104,0.0037056435651138344,0.004939055894750281,0.005027074988651082,0.0036237554410643007,0.004549380410644822,0.0062973889569457224,0.00559661568305972,0.006061078403493142,0.006756096147341357,0.005029283868517508,0.006040020828727042,0.004205477793015311
2912,0.004502003397161686,0.005053572865246038,0.005100524125725032,0.0036509551275817525,0.0015073191873348022,0.0041720562169230094,0.0020930196221391325,0.0031011971303471276,0.003817098024324634,0.002233674824047657,0.002937713814424661,0.003641534348399114,0.0029670192594446463,0.0019246726986417995,0.0013829801906805087,0.0019228300094757368,0.0030081843708525493,0.0025849628901321847,0.0019179553238442052,0.002962795475162972,0.0021723439802974966,0.0010801689518767674,0.0014565318161066042,0.0038455989181996266,0.002940529666117604,0.003495163615101514,0.0020098312759267638,0.0034424866824355645,0.002768867621356254,0.003886711914364767,0.003751603306804059,0.0033806461066254274,0.003018946760707986,0.003970346642606513,0.006342640295574512,0.001539071910545714,0.0029693377955582454,0.002823094676541431,0.0017398908820068818,0.00042201521987774517,0.0002924165491561539,0.003016434583567192,0.002183996039155906,0.003213001381491014,0.003548272467167506,0.004466375605016717,0.0037349695384222325,0.0041496231730247385,0.004067998368903208,0.0027374836228448753,0.0026729396636152557
3008,0.0029818724681129893,0.009266218325686845,0.00855177031270628,0.007002347349071917,0.018704537531957808,0.007162308499926442,0.014529691831122103,0.007987775597129088,0.015832638621506075,0.01750846065667908,0.015920035198336804,0.013188996452533545,0.019110451762371777,0.016739947305204308,0.011424694938648717,0.014830708338655574,0.018271581435934884,0.012456821747080368,0.0007547247883799418,0.015547983906303624,0.012672445069366621,0.011309296923578453,0.013598497497945197,0.0038485175900246486,0.010498180797244301,0.009677868114205165,0.00979897300266165,0.00512158123121377,0.010277237120867411,0.001901847988297374,0.0099390470379873,0.007716226035880005,0.007002301142731643,0.004935160216245,0.001539071910545714,0.02771942228964392,0.01877132100248765,0.009215220903218226,0.00015225945854513968,0.015881151046343748,0.01832987057932762,0.013810122034214292,0.0019847335994389276,0.012251884797228383,0.012436500665037459,0.0006970884493025286,0.004395854430478741,0.011070567785760134,0.00881389271394062,0.015231567439375308,0.014652013081914151
3017,0.002692029034365839,0.01571603685796703,0.02379531933498483,0.009167366000099042,0.04096603199479468,0.008828093698630905,0.027620814339083227,0.00400801477036225,0.037097472827170234,0.032107128263105016,0.022885275549374383,0.022733355339735542,0.04497174120362599,0.02336845498386183,0.01340770660619382,0.03140118036113711,0.046753665326867457,0.016285943774732282,0.0025161539023082643,0.01813954295552766,0.018410114588630417,0.018612721487830844,0.020002591525798134,0.004958971489187325,0.014203709822111568,0.014206359268974372,0.012616806558538203,0.0064921087730801805,0.013329829758043052,0.0030617142127180213,0.007680823371556804,0.00811447714155258,0.010458304694584789,0.004304088796169074,0.0029693377955582454,0.01877132100248765,0.07053975860334277,0.00696212387245845,-0.00016385931307705872,0.03064103163873392,0.03683198721156761,0.024622940392713115,0.0030585883226445063,0.018221241189660595,0.017261233295314468,0.0023454418449595704,0.0053603127434828386,0.011670215602353819,0.015879982004737773,0.04123512741157822,0.01674604896820371
3034,0.0038247091075824685,0.0062625132775024454,0.005454404240176916,0.0068832665021199575,0.005648780589852877,0.006848027954753446,0.007619871061560722,0.008007564773229989,0.008708392309206317,0.008512292802177275,0.00916024584682555,0.008745832191654463,0.008272497102056218,0.008740799255648994,0.009058208703679866,0.008558765191944534,0.008231181548686413,0.008391308778849242,0.0011385272222651098,0.0084438334170939,0.007517333212659053,0.007843524486914466,0.007181533357104302,0.004529811928264329,0.0060616068405212435,0.00664977203872865,0.0058106239772853846,0.005012142208660878,0.00648444067036356,0.0038711839500429647,0.006406611015850598,0.0055688159244944605,0.005389050732536499,0.006202632766863903,0.002823094676541431,0.009215220903218226,0.00696212387245845,0.015471149229262352,0.0018088495178043213,0.008704404028590252,0.011033400129602825,0.008641133378507937,0.0031486732281294704,0.009422884233710056,0.008655613198385486,0.003243105600144358,0.004714033717730066,0.007525749436947705,0.006581045511576845,0.007461950864777283,0.005635482514017733
3045,0.0017237797049194112,0.0031248280634112854,0.00276484917243623,0.002225888513328771,-0.0008674081253574004,0.0013378612658967906,0.000880425815888519,0.0015828906956183676,0.0005797526821877105,-0.0007176863924747972,4.640208017387954e-05,0.001310279935490336,-4.7655756562726344e-05,-0.001815038144652535,0.0009799570028847344,-0.0008237305311769098,-0.0011655434699462386,0.0011991847144254132,0.0020145537877238463,-0.00012126636178233995,0.0005618782792028884,8.97994521359436e-05,0.0006583827701696472,0.00202849419672277,0.001013098628083167,0.0022352084306326487,0.0015043081639931617,0.0018743497878163282,0.0021453197607640972,0.0015146423878918186,0.002172590697806762,0.0017119828953571427,0.0018908853822243148,0.0018080106053549104,0.0017398908820068818,0.00015225945854513968,-0.00016385931307705872,0.0018088495178043213,0.006338883279512192,-0.0008065043225982611,-0.000910393919228765,0.001088133243673615,0.005697956238657316,0.0007935143884654603,0.0006644732197903337,0.0013839430931809232,0.0018800700783685822,0.00010492365017891967,0.003269039137264828,-0.00020323883519896165,0.0014690619075701616
3231,0.0016351346897102198,0.012558965658994935,0.014414893841854765,0.008326707513458582,0.025986455450414343,0.007741405565057549,0.02338966728596202,0.007146565960700148,0.02108596440186555,0.025744096601650005,0.020579944134985984,0.015883328352683388,0.0301850849493825,0.019269263852555674,0.010550904970918882,0.02986589181297009,0.026166712103126138,0.015370003312181201,0.0013938398687520638,0.013589128699265691,0.015022414182765542,0.016209791146578768,0.019801823825066577,0.0030184676140976373,0.010075689958205096,0.009680507753139164,0.010124746180535552,0.0034561368118149337,0.01046227278034648,0.0008753517750476682,0.006403825747516654,0.007761252441546174,0.006216547574565922,0.0037056435651138344,0.00042201521987774517,0.015881151046343748,0.03064103163873392,0.008704404028590252,-0.0008065043225982611,0.042254322708731876,0.022219684136299194,0.02098749424313147,0.0017280725805797032,0.016663028663781554,0.012694938281300633,-0.0004460220119966952,0.004324727084140405,0.014083117104288468,0.013863535528277978,0.029109860203405287,0.010447115811219453
3661,-9.548298314685624e-06,0.01306167035814248,0.01975147595833592,0.009829644640122787,0.03808656813277762,0.006773958577870849,0.0170432106004561,0.003336665316833645,0.028142369046896987,0.02832633942675224,0.020737731780087882,0.022292681838357982,0.0337064398702458,0.019507334028951148,0.01703259010980417,0.022194508703792155,0.040366342194248096,0.01614044285393427,-0.000649562250436145,0.02222763095586928,0.015816360022803396,0.015750077916869644,0.016419736757685263,0.003007602393478239,0.01289157813466642,0.012484689282382638,0.01194326714767469,0.004896355483506947,0.00999130638409823,0.002871772555210758,0.007245863952540855,0.005678336836287835,0.007562255632775412,0.004939055894750281,0.0002924165491561539,0.01832987057932762,0.03683198721156761,0.011033400129602825,-0.000910393919228765,0.022219684136299194,0.08150888136550392,0.02427621452235598,0.0026634615666116246,0.012025962640155648,0.01473935753421042,-0.0028835708502574285,0.00424767716809038,0.013624462618362136,0.016114734917542582,0.0356225493799862,0.025078287680060294
3711,0.0033259611726606034,0.012376453714419951,0.016769289176929207,0.009307065212194118,0.023853158599870042,0.008064889541622017,0.01569733565066257,0.0069527478020991835,0.02070996906498775,0.021493580500541117,0.017003080641087045,0.01888451667407718,0.02339736883054121,0.014986061157630483,0.0129417535260329,0.019771245495506292,0.021212200849992223,0.013651712356562878,0.001940002488826143,0.018737308528104065,0.01395541359024843,0.012610998486209444,0.012866567360477248,0.00530719273200118,0.01177502642455188,0.011477756582570536,0.010565972706442304,0.006075815122553175,0.010969493021627606,0.0034354172972718257,0.006991582936289219,0.007152078287945747,0.007817498253080889,0.005027074988651082,0.003016434583567192,0.013810122034214292,0.024622940392713115,0.008641133378507937,0.001088133243673615,0.02098749424313147,0.02427621452235598,0.03129644943914337,0.003001015599877444,0.013302954388914464,0.012698034620330628,0.0012869903248732427,0.005319318272594938,0.012260455809598272,0.011919875496315813,0.02285236792477764,0.015951714481145567
4904,0.0028895528870783657,0.006007062292376821,0.004626243331179903,0.0034870420149694338,0.0021038853071333394,0.002752356855755591,0.002359218604336312,0.0034550890262122656,0.003124657294559686,0.0012176598426996037,0.0020355068304817618,0.003382397784815358,0.003523866302572326,0.0002882760439622291,0.002329758511494461,0.0011737331596157548,0.0023050342373858762,0.0032774427960383843,0.002684708425653607,0.001400704180621486,0.001990207066269607,0.0015571646912415674,0.0013620983619787332,0.0031926920555539343,0.003121407739317798,0.003963391970949683,0.004098224760616139,0.0035103523480633195,0.004653806398572717,0.002557527673084367,0.0049503350156187035,0.00378638440956447,0.003834142723096874,0.0036237554410643007,0.002183996039155906,0.0019847335994389276,0.0030585883226445063,0.0031486732281294704,0.005697956238657316,0.0017280725805797032,0.0026634615666116246,0.003001015599877444,0.009958840467876626,0.0027527132716730126,0.0028246260572742645,0.0016097504144374497,0.00295510944974127,0.0036960841755048317,0.006429699549621285,0.001865280475988881,0.005885000729419705
4938,0.003152310105122056,0.009135520291366463,0.009857068566352394,0.00794995101271146,0.01340274743283788,0.008449682114457888,0.016541162289645805,0.007233433002699037,0.0154227975712818,0.014835274578867833,0.01401590769479822,0.01299917788439854,0.015172417821780517,0.015137068614921076,0.008064782451454715,0.016016083780767906,0.013598761505682488,0.011409157078988557,0.0013590913954651632,0.011101841256635958,0.011857297082636501,0.012136305134361284,0.012202584761093998,0.0046653791632846504,0.009182364665572129,0.009837365949409283,0.009849971847371798,0.005169877836517277,0.009447979484637551,0.0021759629362318672,0.008288932626109068,0.007059890752793215,0.00814885983418009,0.004549380410644822,0.003213001381491014,0.012251884797228383,0.018221241189660595,0.009422884233710056,0.0007935143884654603,0.016663028663781554,0.012025962640155648,0.013302954388914464,0.0027527132716730126,0.020065903270501517,0.01015053859442463,0.002457065517229581,0.004889390493189455,0.00958983963110543,0.008129661709059188,0.012027369672565761,0.008691148241542117
5871,0.004757904744301777,0.012881202511443993,0.013360396798684258,0.010281918965175364,0.015259633458251492,0.009407284184725175,0.012724335552045113,0.008506951616678048,0.013037605763432497,0.014932402352811095,0.014380697454062442,0.01163064918051261,0.015553954844149509,0.012880974696807074,0.007403841107596137,0.012375622256901987,0.015237809915763338,0.010274952410381507,0.002115492700016597,0.012313502275433907,0.012920085822958855,0.01261077876231023,0.016274167928005335,0.0064294703488597775,0.01104412398677254,0.011996543485658874,0.009837917043158971,0.006736316746214607,0.011029682850175493,0.00456221873286959,0.008926066899051786,0.008084820621640584,0.009562849905615893,0.0062973889569457224,0.003548272467167506,0.012436500665037459,0.017261233295314468,0.008655613198385486,0.0006644732197903337,0.012694938281300633,0.01473935753421042,0.012698034620330628,0.0028246260572742645,0.01015053859442463,0.02157521431997432,0.004334435731457968,0.006038720903087237,0.011173022624762047,0.012456841681671618,0.010245005587927498,0.012808789474295179
5876,0.005082373742230586,0.004125517911049713,0.005283123861523797,0.003738224537798118,-0.0022626384186194065,0.006507424150388477,0.0024851775729205685,0.0033191222655069193,0.0009817217256935585,0.0012444376333516731,0.0012835140877888087,0.002981633584293405,0.0014407106676816986,0.0006712144848821047,0.0010587624705725145,0.0007551220339190043,0.000794676665714963,0.0012787713214956233,0.002596898777788367,0.0035014380764074346,0.002125629303422442,0.002280418458657804,0.002497320485582394,0.005964980764241602,0.004284090240129037,0.003989002287301058,0.0035204930447894755,0.004634318161414936,0.003909424830200055,0.006537470778671364,0.0043805026754850694,0.004653063627512052,0.004020273607705857,0.00559661568305972,0.004466375605016717,0.0006970884493025286,0.0023454418449595704,0.003243105600144358,0.0013839430931809232,-0.0004460220119966952,-0.0028835708502574285,0.0012869903248732427,0.0016097504144374497,0.002457065517229581,0.004334435731457968,0.012493751447766073,0.005590068841396389,0.003666739311208064,0.0028527146254125092,0.0031904064596561545,-0.0005813222630849308
5880,0.004520190118167187,0.00636056041209871,0.005262434711275032,0.005679108297403335,0.004580695463441494,0.006556843249072197,0.005353182201458492,0.004737179284400035,0.004920264575197031,0.004936950796421521,0.00522454136655772,0.005485044223274441,0.003511537818278752,0.004814888010692661,0.0035861179604839842,0.004482683588766524,0.004490156084991534,0.005042358496948474,0.002481853137811413,0.005356698294178646,0.00570000967376993,0.0051192437446681335,0.0050218753712098435,0.00607158933576798,0.006418447772591239,0.006684076310955615,0.005562131033444957,0.005631920128765434,0.0064886576593075505,0.005863307221465585,0.006457534895282874,0.00619842494367926,0.005861143384046681,0.006061078403493142,0.0037349695384222325,0.004395854430478741,0.0053603127434828386,0.004714033717730066,0.0018800700783685822,0.004324727084140405,0.00424767716809038,0.005319318272594938,0.00295510944974127,0.004889390493189455,0.006038720903087237,0.005590068841396389,0.006733439401681651,0.005897787214430297,0.0058742152266529155,0.006364203166181167,0.002954530116447252
6446,0.006546118448681905,0.011469026581910182,0.008655725441514757,0.00832772757508271,0.011446605525466901,0.00735758590895959,0.00929618143619797,0.008668483966369052,0.011941273244537238,0.013056140824354268,0.013191844655820639,0.01069686983006773,0.013141854189271504,0.013914181297853113,0.008319955345824661,0.012801682371520904,0.01261890970732841,0.010311878575429268,0.002198037917065031,0.010893568475594218,0.008272101635261259,0.006907492034631013,0.008830345778964915,0.006688781172820569,0.011444181323449964,0.010167796009875866,0.00835815569479868,0.0064531387971518365,0.009062426677335896,0.0044709141998949455,0.008625063336556929,0.009388395338464766,0.008367833241734398,0.006756096147341357,0.0041496231730247385,0.011070567785760134,0.011670215602353819,0.007525749436947705,0.00010492365017891967,0.014083117104288468,0.013624462618362136,0.012260455809598272,0.0036960841755048317,0.00958983963110543,0.011173022624762047,0.003666739311208064,0.005897787214430297,0.03402145209415434,0.010362977229302826,0.011434186876341682,0.015388359608835568
6505,0.005892988351896626,0.04027757175154159,0.036579786271069704,0.015672242120146722,0.015917726001804557,0.01166792312240874,0.01188207070568027,0.006726534166050374,0.014100696876442534,0.01612027519366517,0.011441186848320035,0.013230822717354035,0.014374162374983096,0.0071398857590747825,0.006679525923049509,0.012924047657327744,0.018621420546739372,0.010854961102240938,0.002895519641538053,0.010070715010621562,0.008454315379028776,0.008584085710634319,0.009914723314347522,0.004951594722250012,0.008573729752151229,0.009088262653185785,0.011743208387520127,0.004457831703033981,0.009763151370681901,0.005799002781889025,0.007348535295973121,0.007291133046964167,0.006081515910111442,0.005029283868517508,0.004067998368903208,0.00881389271394062,0.015879982004737773,0.006581045511576845,0.003269039137264828,0.013863535528277978,0.016114734917542582,0.011919875496315813,0.006429699549621285,0.008129661709059188,0.012456841681671618,0.0028527146254125092,0.0058742152266529155,0.010362977229302826,0.04783074695031982,0.015469474766156581,0.007055734326905701
6669,0.002350905499368692,0.012970786990268306,0.021920572543358822,0.003999911075544136,0.035963001061534744,0.00915858833187123,0.020076358684360276,0.004647912850009477,0.02669706836316167,0.026338047162866807,0.016821277422420226,0.021128196705272932,0.038921532613147285,0.014822021605611501,0.01400694956871571,0.02602954638708196,0.035453800690369824,0.010261692146320334,0.0022196091480522007,0.020767812995334457,0.012920234739483847,0.012166805059482621,0.011530305082642026,0.0024009163034770186,0.012330848490296758,0.010009386523145631,0.007943594274882521,0.006701226410521492,0.010168215774431113,0.005645025274815776,0.004078857919231532,0.0052551359726365965,0.006774476077043637,0.006040020828727042,0.0027374836228448753,0.015231567439375308,0.04123512741157822,0.007461950864777283,-0.00020323883519896165,0.029109860203405287,0.0356225493799862,0.02285236792477764,0.001865280475988881,0.012027369672565761,0.010245005587927498,0.0031904064596561545,0.006364203166181167,0.011434186876341682,0.015469474766156581,0.06590128386430666,0.005621297923086949
6919,0.00018361831884953182,0.006313572197446901,0.0033814186033128924,0.006283899707264258,0.02307631471347925,0.008542912774236565,0.00892873810388435,0.00707700133134871,0.009836556972934613,0.021514948091843383,0.016058863904736747,0.01376908747319796,0.0150154688026883,0.014390006933666507,0.0064755985568709555,0.011672851209637708,0.017906422684103415,0.011110683205788912,0.0025204573980041113,0.013767964922213627,0.011169780110344606,0.013002323041569471,0.010884060668004968,0.00477144823041515,0.012054686368123763,0.014591508637309127,0.010445586802023432,0.004155283656984887,0.009414140359713191,-6.15466163438726e-05,0.009739614611966924,0.007785515361233696,0.008595501568957088,0.004205477793015311,0.0026729396636152557,0.014652013081914151,0.01674604896820371,0.005635482514017733,0.0014690619075701616,0.010447115811219453,0.025078287680060294,0.015951714481145567,0.005885000729419705,0.008691148241542117,0.012808789474295179,-0.0005813222630849308,0.002954530116447252,0.015388359608835568,0.007055734326905701,0.005621297923086949,0.10200542541553279
