,1101,1216,1301,1303,2002,2207,2301,2303,2308,2317,2327,2330,2345,2357,2379,2382,2383,2395,2412,2454,2603,2609,2615,2880,2881,2882,2883,2884,2885,2886,2887,2890,2891,2892,2912,3008,3017,3034,3045,3231,3661,3711,4904,4938,5871,5876,5880,6446,6505,6669
1101,0.013386214915944187,0.0049581880200343645,0.01166475500589852,0.010931330743020492,0.00949647531939714,0.006992280524616486,0.007029749958448341,0.0065176524562947456,0.007962683333395351,0.00825691588551163,0.008501242895829295,0.007819354468233071,0.005633926149978818,0.0069576199123186485,0.004915298051938688,0.006214129799838559,0.005947581048552356,0.006616566484115912,0.001603900806018025,0.006370144397323875,0.005009499343347433,0.005690022096584948,0.006438420131149377,0.005157801779370379,0.0066746433201497046,0.0072015102751555515,0.007557037354699402,0.004730102608438859,0.007854647114961762,0.004597151140384684,0.006696710455694846,0.007109781604836006,0.005513161233125121,0.00580587085552995,0.00276827159631316,0.0074409974162449755,0.007296920230231497,0.006889151188040277,0.0020185845403432622,0.008651657781756455,0.006855585698095861,0.007522150859715572,0.0033990589720868615,0.00717758915488712,0.007516834017387945,0.003955932284510248,0.004774007248114977,0.006819864638993043,0.011169712287259367,0.0059387256641554205
1216,0.0049581880200343645,0.01496622975490602,0.007621643809788253,0.0076996017601318936,0.005975803015293489,0.005939306675024297,0.005688823051094219,0.006134776702009092,0.007431461404756194,0.0044018913432109265,0.004572021505042389,0.00716204154392612,0.0036994263761670042,0.004283641967978161,0.0035328049703188874,0.0049916080045604464,0.006832899954179338,0.006926072201200027,0.002799993532904479,0.005379763689214805,0.002973619647390874,0.0023085760646320104,0.003127505743716949,0.005784568592580788,0.005256708767582287,0.005184099337052128,0.0045544315198113,0.006855814092210197,0.006402944254103515,0.00598251254775508,0.004977470980801408,0.006289702871517217,0.005704547959876823,0.006124744792894146,0.0057839730165574425,0.005297969390580325,0.0039542176936815145,0.00518748090368569,0.0036287775526775774,0.003445260351029733,0.00245392818740728,0.007139299264976117,0.004939565501626332,0.005088875341594202,0.005328228311000004,0.005966073753926271,0.005219050055734394,0.0060088547073889245,0.006968215841669713,0.005007496797818299
1301,0.01166475500589852,0.007621643809788253,0.03613773752907137,0.02856342321689602,0.01811444152904506,0.011652131016612017,0.01088637651637634,0.012393266908202902,0.012708145358331539,0.013450954343891586,0.013966878048887642,0.012118969092599824,0.011094053333370399,0.009719452795215794,0.0076591998282056085,0.012381741184008645,0.01013016958387298,0.011050875829747711,0.002763878669388427,0.01057265958910108,0.009618002857397933,0.011017239909187215,0.016053221509276034,0.0078665787533477,0.009355538776274666,0.011462853596053058,0.010571840709380225,0.007747372051095938,0.01223333515490539,0.007339481325226502,0.009220004646251086,0.009311597564559012,0.00820807828693877,0.00833062138509531,0.004851794391460719,0.010136629645991251,0.014601832597055213,0.009082032837603893,0.0013345680019243883,0.015082488423734497,0.010659461284415412,0.013998834471457902,0.005292479235013419,0.011755935563674196,0.015216706723272543,0.006272338079928287,0.007808598215709731,0.011946722657001183,0.027074658448362127,0.010167179862586936
1303,0.010931330743020492,0.0076996017601318936,0.02856342321689602,0.03287819992338825,0.017472090428406188,0.011859074832051137,0.012621169330820633,0.012170908769984948,0.014221134409512084,0.014614333790481913,0.014064919564447841,0.01347876246876695,0.01083228448683381,0.010144161643213296,0.008917842055433176,0.01352011186973659,0.01021926009429243,0.010917732953739004,0.0026373485799787537,0.012806023402916618,0.010841541855731485,0.011010538275152634,0.016130325789099502,0.008746830808377164,0.01041977524521014,0.012228018445509385,0.011240118337420965,0.008427780406123755,0.012746425859454121,0.007087524313741157,0.009573066430323726,0.010013630488599596,0.008646407056137102,0.008310726522443258,0.004895323036749315,0.01097954645360751,0.016477558684915763,0.008648043729755694,0.001345072354204285,0.015517844626479302,0.009917838295439416,0.01482446743322866,0.00475238891644419,0.01182088941023311,0.015524700819837834,0.00684558436485893,0.008289230989480978,0.011376526023488398,0.024427736459328362,0.011006719287432645
2002,0.00949647531939714,0.005975803015293489,0.01811444152904506,0.017472090428406188,0.022107240920279957,0.009431668738260233,0.009011128310786985,0.00885029762299348,0.010477238624258646,0.01121721213833888,0.010774381332128961,0.00862431411737959,0.008098389467445663,0.008830196746593848,0.00656662029798052,0.010538838790100894,0.008505141395442894,0.009135831019266454,0.0020466089895715403,0.008851799391293338,0.008619798698992522,0.009876963134470037,0.012433813320119134,0.006742410468381773,0.008349633630829623,0.0094873915739968,0.010118713576943147,0.006679619354877399,0.010398064189112526,0.00556678355147275,0.008063473976128046,0.00808569536327653,0.007436220522602591,0.006836391961334658,0.003608190789510171,0.008662593143660519,0.011996979319263855,0.007524164716348835,0.0017660598800884348,0.012139989208689427,0.010027918953077612,0.011693886390468698,0.0037190250233871936,0.008975851574019592,0.013004004639664838,0.005258039654257834,0.0069526755770899906,0.00875357032264916,0.01570631878273019,0.006695774343032259
2207,0.006992280524616486,0.005939306675024297,0.011652131016612017,0.011859074832051137,0.009431668738260233,0.02011775802442116,0.00932854409484394,0.009067640031824026,0.011647680418372509,0.011784269629540794,0.011404466380927325,0.01073267382849044,0.010688587862117427,0.010185371246921612,0.007581099257417232,0.012460020467273765,0.01143270326076529,0.010770320696853996,0.0026552857079756025,0.01052443558836632,0.009238255056404682,0.009599162228143854,0.0106435982222968,0.007671614420629445,0.009999678177494392,0.010764239122708123,0.009972581554613646,0.007384414226053779,0.009593668420697938,0.006655390161397734,0.008657712369766585,0.009333663923459376,0.008535510563999312,0.007895662105619535,0.004308704247898769,0.00979095409449113,0.011914004576778525,0.007085191635951926,0.0016001615439703886,0.012528860649003451,0.009950479367977928,0.011183664722160591,0.0035792669447168566,0.010472967017183006,0.011017432200945013,0.007751004114143685,0.007864896009049688,0.004762670798351257,0.011488637379159729,0.013338703160536727
2301,0.007029749958448341,0.005688823051094219,0.01088637651637634,0.012621169330820633,0.009011128310786985,0.00932854409484394,0.03756399962404892,0.013785556078513828,0.02288537783510312,0.024791678241990106,0.020965784234568463,0.019733123450806824,0.023169247206235765,0.021314495746647295,0.013459035630418673,0.02576232627486302,0.021122107712497475,0.014923640779322532,0.0016060073189055773,0.018809791482580676,0.019359457739577753,0.018659378207377713,0.020210505021129962,0.008173549005726274,0.012786913386078506,0.013662182158560073,0.01248895473077286,0.009506845063638648,0.013962730425891905,0.0036192902188173634,0.009299858956068436,0.009574198597236109,0.012190561359878341,0.005930914946817648,0.0030647575865148133,0.01878708873777329,0.028319385162486294,0.011527533482947933,0.0011438235909494996,0.026262044329188876,0.020603957118141836,0.023253743861524075,0.004737248121712943,0.017692163741115895,0.017166132557794384,0.0036932414626407507,0.006624955337168995,0.014062496190997175,0.012168583508798497,0.021997234219461596
2303,0.0065176524562947456,0.006134776702009092,0.012393266908202902,0.012170908769984948,0.00885029762299348,0.009067640031824026,0.013785556078513828,0.02237658369516738,0.012700932916485521,0.014694686139423974,0.012872294614277814,0.013098789725777368,0.011426043131880984,0.012292850001270995,0.010451514639790346,0.014502364262188294,0.012003120403158716,0.010164126979658702,0.002210558639150247,0.014504125287954786,0.010887894557974197,0.01075502627327805,0.012455132372205907,0.007549188602474587,0.0090051787544379,0.010814960868043042,0.009218532739073975,0.007643706942078682,0.01034841807044806,0.005494977674434962,0.008138127615201315,0.008779365344135915,0.009598675390071245,0.007220385363288402,0.004517718582541532,0.012384817121011327,0.014423050436948684,0.009595291045199668,0.001175646834565425,0.014129651988796128,0.010129413631138335,0.016082547638652887,0.003825126050379398,0.010819811994372588,0.011682550392448553,0.006039674877184275,0.007172599297434454,0.008027729816863682,0.01030142946998309,0.015030237541176108
2308,0.007962683333395351,0.007431461404756194,0.012708145358331539,0.014221134409512084,0.010477238624258646,0.011647680418372509,0.02288537783510312,0.012700932916485521,0.04275910921765603,0.029521681270636372,0.02466175837270657,0.026770367955500845,0.02811022990397222,0.020037569746830908,0.01669979946476057,0.030259237608975992,0.03020752881566557,0.01726365714263234,0.0019267811509168491,0.02542358876858996,0.020111325611847898,0.02147768165315032,0.020659948094427363,0.009203577719130123,0.01690058390329107,0.01740264377419091,0.014868145618241766,0.008963008749511852,0.01644554131635208,0.005138332782211535,0.010577560187849206,0.011719874480434517,0.013518196646779822,0.007336131608842126,0.004196070526513617,0.01772434655365206,0.03145711148371667,0.011895760604896808,0.0011109527298034574,0.027421227148169372,0.025777872006803742,0.030423300675791413,0.00250625779500189,0.01708906213001368,0.015529357059034044,0.0038797126102028054,0.007623475471124469,0.017508070737796005,0.01351454613732466,0.027716755814996597
2317,0.00825691588551163,0.0044018913432109265,0.013450954343891586,0.014614333790481913,0.01121721213833888,0.011784269629540794,0.024791678241990106,0.014694686139423974,0.029521681270636372,0.04606322716638186,0.026595178451148872,0.02618033905394264,0.028494909243843188,0.021067172427340127,0.018357553292370876,0.03725733951999077,0.027490927998945817,0.018310029898420652,0.0007340962507580701,0.026693937420854356,0.01973526491242591,0.02130094666987513,0.023334500428544094,0.008338665585828004,0.01624605681107294,0.0177821524428243,0.016045882602173503,0.009070312079171854,0.015991509550545763,0.003991554537799035,0.011888420435474677,0.012096284147047644,0.012126995066890961,0.007060339613846,0.002528183695079195,0.02315006677747715,0.040292232550524526,0.013415434648843184,-0.0017734830728300915,0.03349426585646202,0.02987810166216674,0.03367832425131812,0.0020327970700783566,0.019546927855665426,0.019767059296879705,0.004239252617672454,0.00751247435120577,0.017210158720520043,0.013800606303435312,0.03311558560967696
2327,0.008501242895829295,0.004572021505042389,0.013966878048887642,0.014064919564447841,0.010774381332128961,0.011404466380927325,0.020965784234568463,0.012872294614277814,0.02466175837270657,0.026595178451148872,0.039206977725583146,0.021602597942434548,0.026194950905619106,0.021235581198128038,0.01678384987626965,0.025178744453336576,0.024778031291404785,0.01871501043835953,0.0018783337322943784,0.020877180108223266,0.019305576242593693,0.019222793154935663,0.021466269321637466,0.009023766790725153,0.016372009373414844,0.017757046083594206,0.017162011470611135,0.009965607344417475,0.01565853587329677,0.004920152877466901,0.012216983746311796,0.011692669189112742,0.012798198609283834,0.007485599285545805,0.002584818381826279,0.020919996667656125,0.0287550426107668,0.011465448950996479,0.0004488722716305893,0.02748649338767047,0.027249971147124984,0.026877818006849283,0.0030340661611557317,0.016647831002775133,0.017474912559936478,0.004199402965981567,0.007531980610037271,0.015409475263889036,0.013424138312654202,0.02429251018202214
2330,0.007819354468233071,0.00716204154392612,0.012118969092599824,0.01347876246876695,0.00862431411737959,0.01073267382849044,0.019733123450806824,0.013098789725777368,0.026770367955500845,0.02618033905394264,0.021602597942434548,0.0351657623653245,0.0241392194671928,0.01865273519764165,0.017345647606712065,0.02742098009024339,0.024786109039117904,0.016325028513225495,0.0022773403292981977,0.025698503984118073,0.015523166259571286,0.015066236775520209,0.016474965983981297,0.010121861130742718,0.01678189770891326,0.017630357871163824,0.015404410011661982,0.01042463034322653,0.016743678959035387,0.006292145528938944,0.01077957361120216,0.011924034673276901,0.013676258421851323,0.008613407602975007,0.0043988231064695125,0.017659078557542878,0.028193689624037885,0.011973224341315248,0.0015953932386279042,0.02473571777772868,0.02325548172035903,0.029754338527251102,0.00401810916540201,0.016041874517545036,0.014204591430433953,0.006901006736877935,0.008326388038235622,0.015288744229231661,0.013594323677499071,0.02945137910059477
2345,0.005633926149978818,0.0036994263761670042,0.011094053333370399,0.01083228448683381,0.008098389467445663,0.010688587862117427,0.023169247206235765,0.011426043131880984,0.02811022990397222,0.028494909243843188,0.026194950905619106,0.0241392194671928,0.05764719167201536,0.02513320888884486,0.020273275863157372,0.030964232998571605,0.03513410138364247,0.019090012464555845,0.0014206166945691964,0.024694719976275994,0.021881579519009552,0.02233809436313607,0.02239890211365751,0.007747473947570976,0.015400859299384758,0.016494642670443482,0.015343940814086294,0.007775643783866584,0.014566689025471155,0.002848533321279264,0.011317984541394138,0.011334062932162704,0.013823689010969111,0.0065678822014106535,0.0026665890077994703,0.020928612149562768,0.03659306597446448,0.01272537991429701,-0.0005333777310575051,0.03193793436389843,0.03181336020706751,0.027120997756178995,0.003815425415947635,0.018698463617129756,0.01705570725484281,0.002730379765184161,0.005954996920396335,0.01333327980483061,0.010258112759298018,0.03389728825620451
2357,0.0069576199123186485,0.004283641967978161,0.009719452795215794,0.010144161643213296,0.008830196746593848,0.010185371246921612,0.021314495746647295,0.012292850001270995,0.020037569746830908,0.021067172427340127,0.021235581198128038,0.01865273519764165,0.02513320888884486,0.04149850455971642,0.01667605085587093,0.0240292489154456,0.021691385399859913,0.017308827055324535,0.0019227197682836082,0.01991650984987391,0.01866182390540294,0.01934522604809768,0.020203956327924613,0.006853515563123554,0.01568658305753963,0.01705133635659339,0.016101090284299707,0.009486366237215417,0.017178146527134112,0.004210102260345923,0.011200450654253439,0.009453382157295116,0.013084802210932523,0.006324533748923669,0.0022525842119407334,0.01823581607371604,0.028795931241447612,0.010102537642420426,0.0007301679375680204,0.0244239544696825,0.025692478781198805,0.022127238206327404,0.0036547723114410163,0.01778435819896861,0.016074426447848716,0.002875175816024031,0.006381304306986743,0.01293831961973453,0.01008333941816299,0.022901363291973082
2379,0.004915298051938688,0.0035328049703188874,0.0076591998282056085,0.008917842055433176,0.00656662029798052,0.007581099257417232,0.013459035630418673,0.010451514639790346,0.01669979946476057,0.018357553292370876,0.01678384987626965,0.017345647606712065,0.020273275863157372,0.01667605085587093,0.03136875890938459,0.01959033503121177,0.016542391152982894,0.011675692644101674,0.0014537811325244089,0.01997687650834072,0.012840891119702548,0.013009242631832767,0.014237067838875994,0.005770269200926446,0.009593150860988232,0.011563610195097187,0.01093832079904983,0.006772518903414039,0.009559311511255272,0.0025838856452799807,0.00808740907581879,0.0071575369114429115,0.008570852680443605,0.005251004943729749,0.0018179491387068265,0.015842196578832415,0.022495917265606544,0.011729205718155037,0.0011606578165278927,0.016700464203041467,0.022601174188091062,0.017806443859838938,0.002543455804234591,0.012216408713388274,0.010292001568578577,0.004506888423484848,0.005227855323578747,0.007355448647793772,0.0074766365421912034,0.020251075247479624
2382,0.006214129799838559,0.0049916080045604464,0.012381741184008645,0.01352011186973659,0.010538838790100894,0.012460020467273765,0.02576232627486302,0.014502364262188294,0.030259237608975992,0.03725733951999077,0.025178744453336576,0.02742098009024339,0.030964232998571605,0.0240292489154456,0.01959033503121177,0.05129770632865343,0.030478092348712675,0.018301549704910193,0.00174844211225441,0.027348242568121336,0.022509790141372173,0.02466916459417874,0.02719239769166159,0.00876167094784633,0.015777876952457314,0.017543001644163763,0.016173027977814662,0.010295801107976578,0.016490266315895487,0.004870870420796607,0.010190518355138095,0.011110601388186363,0.013417606309627407,0.006049995362814318,0.0027898852685811835,0.019537852563448123,0.04266199086517093,0.011929841799301153,-0.00016448642305496423,0.037390886094235194,0.027807145368800936,0.03314806349996912,0.0016783852332110652,0.021174364886072265,0.018761715584564638,0.004510651151257006,0.00763936073543112,0.01783438018874158,0.01415254460896919,0.03929889655631006
2383,0.005947581048552356,0.006832899954179338,0.01013016958387298,0.01021926009429243,0.008505141395442894,0.01143270326076529,0.021122107712497475,0.012003120403158716,0.03020752881566557,0.027490927998945817,0.024778031291404785,0.024786109039117904,0.03513410138364247,0.021691385399859913,0.016542391152982894,0.030478092348712675,0.06336969975464472,0.018348282537063183,0.0022194982667108187,0.024365402427244685,0.023611081255521308,0.025271474226019656,0.0260708949082456,0.00812278447243871,0.015428179854962054,0.015527511256805319,0.015108121610868256,0.008127046604835653,0.015095774801061512,0.004808078404567839,0.009695075764104444,0.011358449372381424,0.01399407808716031,0.0067024577182622684,0.0023254026671282466,0.02330252031714016,0.03664318479375282,0.010208844967074691,0.002448206432526208,0.02991603951958076,0.03082928803682851,0.028923760520023125,0.005031702412687495,0.01499788651917414,0.016368738992814807,0.0038264825126540637,0.007362910286991594,0.01551125300492364,0.013284450864337827,0.033611128212943465
2395,0.006616566484115912,0.006926072201200027,0.011050875829747711,0.010917732953739004,0.009135831019266454,0.010770320696853996,0.014923640779322532,0.010164126979658702,0.01726365714263234,0.018310029898420652,0.01871501043835953,0.016325028513225495,0.019090012464555845,0.017308827055324535,0.011675692644101674,0.018301549704910193,0.018348282537063183,0.028121365031274298,0.0026347396000267627,0.015606789034767164,0.014091402781451347,0.014192850929187081,0.015232947073008325,0.007899646098074913,0.011972537916151634,0.013544917457652014,0.012494343798001939,0.009239731697496834,0.013488822951310096,0.005396869787049817,0.010198535213651784,0.009754420662234236,0.011531073721092001,0.007510862219047083,0.003920517016601703,0.014666351964302899,0.021201834609793805,0.009287481950665172,0.0012201103576273968,0.019057695956329973,0.01815670027523756,0.01949513446487683,0.004271968060420158,0.013190867950684755,0.013408612131280265,0.004658042163832529,0.006877813264988626,0.011159871370339062,0.011468515192064148,0.019304886047071968
2412,0.001603900806018025,0.002799993532904479,0.002763878669388427,0.0026373485799787537,0.0020466089895715403,0.0026552857079756025,0.0016060073189055773,0.002210558639150247,0.0019267811509168491,0.0007340962507580701,0.0018783337322943784,0.0022773403292981977,0.0014206166945691964,0.0019227197682836082,0.0014537811325244089,0.00174844211225441,0.0022194982667108187,0.0026347396000267627,0.005331808041734145,0.002045217232071589,0.0020118340883746324,0.0013469911653624651,0.002336792250488459,0.00260910240550077,0.0027109339222265156,0.0027677805616558326,0.0021052225102310934,0.002518151522451102,0.0025135829105957623,0.0027070705395411013,0.001997308460176947,0.0020097162802453802,0.0021227479290742957,0.0025225305824765395,0.0019157181694337028,0.0009783982663125305,0.0016373956878014942,0.0021354636322632,0.0018720595142757803,0.0019134523109535803,0.0006179561555450235,0.0020539017474421597,0.0019153911104341458,0.0018485753742550324,0.0019909354639455093,0.002817734479866329,0.0024684924060404873,0.0023845360759724155,0.002721437996390989,0.0020175679513977115
2454,0.006370144397323875,0.005379763689214805,0.01057265958910108,0.012806023402916618,0.008851799391293338,0.01052443558836632,0.018809791482580676,0.014504125287954786,0.02542358876858996,0.026693937420854356,0.020877180108223266,0.025698503984118073,0.024694719976275994,0.01991650984987391,0.01997687650834072,0.027348242568121336,0.024365402427244685,0.015606789034767164,0.002045217232071589,0.046539922903571555,0.02054111332745229,0.021162427473685127,0.025062573747145756,0.008588462946286379,0.014219885320787004,0.015807132392007768,0.014240242642656373,0.009316646846310258,0.015699402655968323,0.005732133640926896,0.009902214771934413,0.011141831462442235,0.012428542813432631,0.008091983652418139,0.0031819287087686238,0.02239378617241965,0.026834819893970827,0.013918389102147388,-0.000984237166031916,0.02434389767044271,0.02482755629993365,0.029720566432928745,0.0017342056664362698,0.016372780451639073,0.015382712337800843,0.007210501004048251,0.008008245240318327,0.013677848983266518,0.010362906131220435,0.02931229585575443
2603,0.005009499343347433,0.002973619647390874,0.009618002857397933,0.010841541855731485,0.008619798698992522,0.009238255056404682,0.019359457739577753,0.010887894557974197,0.020111325611847898,0.01973526491242591,0.019305576242593693,0.015523166259571286,0.021881579519009552,0.01866182390540294,0.012840891119702548,0.022509790141372173,0.023611081255521308,0.014091402781451347,0.0020118340883746324,0.02054111332745229,0.04357225347071997,0.03896220276133351,0.04420244566561421,0.0061883717318893736,0.01248373145843067,0.014452262951825083,0.012877002102900399,0.006995255617726639,0.013178143136347195,0.004105408737192522,0.009237643023870895,0.008712176467687897,0.011695991510833566,0.006083866746448216,0.0016595402182240945,0.017788464224649577,0.02295320859543437,0.009010512277420817,0.0008984826929470376,0.02343398416934923,0.020188490054523323,0.019778016643648325,0.002764398244508675,0.015515092637543582,0.016609049621993246,0.003027609897407642,0.006646915634909859,0.010975120147638885,0.0077636922002421345,0.021300064710229383
2609,0.005690022096584948,0.0023085760646320104,0.011017239909187215,0.011010538275152634,0.009876963134470037,0.009599162228143854,0.018659378207377713,0.01075502627327805,0.02147768165315032,0.02130094666987513,0.019222793154935663,0.015066236775520209,0.02233809436313607,0.01934522604809768,0.013009242631832767,0.02466916459417874,0.025271474226019656,0.014192850929187081,0.0013469911653624651,0.021162427473685127,0.03896220276133351,0.05212394772944652,0.053638237065268275,0.005894475695436687,0.011357215069597281,0.01466887206521273,0.013375247160073942,0.006067196394090267,0.012599491924888236,0.0031542230614064314,0.008810288063978567,0.008525837282581708,0.010595575095561523,0.004883447249866901,6.550067082145735e-05,0.015554471604258276,0.02346784005497956,0.009616550735842427,0.0012952385388040584,0.02531738363325133,0.01956439581188634,0.018710884531210073,0.0025356223376568014,0.01564471394467256,0.01635966616215117,0.002479954945372781,0.006011731910178798,0.010765608887898662,0.008418899136655406,0.02211669783897026
2615,0.006438420131149377,0.003127505743716949,0.016053221509276034,0.016130325789099502,0.012433813320119134,0.0106435982222968,0.020210505021129962,0.012455132372205907,0.020659948094427363,0.023334500428544094,0.021466269321637466,0.016474965983981297,0.02239890211365751,0.020203956327924613,0.014237067838875994,0.02719239769166159,0.0260708949082456,0.015232947073008325,0.002336792250488459,0.025062573747145756,0.04420244566561421,0.053638237065268275,0.08233773275702652,0.006364894507719183,0.012919609325928184,0.01805653311542202,0.01619419220746667,0.006499985455007098,0.014239100856308282,0.003345792171558368,0.010224353794609684,0.009086284970984697,0.010594186776479966,0.005261559611095837,0.0005822058509592673,0.018768403587252337,0.02608602265691736,0.00825091351512504,0.0013242192471732072,0.029140608618499167,0.017476253930085152,0.019061579705225203,0.002814912490462016,0.014236838461128628,0.021892979480807186,0.002549994600186371,0.006436203213522658,0.011268234501801951,0.013116172900545044,0.020675286315869113
2880,0.005157801779370379,0.005784568592580788,0.0078665787533477,0.008746830808377164,0.006742410468381773,0.007671614420629445,0.008173549005726274,0.007549188602474587,0.009203577719130123,0.008338665585828004,0.009023766790725153,0.010121861130742718,0.007747473947570976,0.006853515563123554,0.005770269200926446,0.00876167094784633,0.00812278447243871,0.007899646098074913,0.00260910240550077,0.008588462946286379,0.0061883717318893736,0.005894475695436687,0.006364894507719183,0.01279933214888879,0.008761958962494048,0.009413117448898743,0.008808925200262448,0.007435130349701679,0.009838900731186583,0.006720715266589592,0.007173095496564843,0.00820709866296122,0.008092256982262678,0.007146194850399586,0.004098299647554666,0.006795357314630304,0.007692195929570253,0.00679486586286903,0.0016662704185844805,0.00757522164391661,0.005470357620836217,0.009682447399950339,0.0032688574229226323,0.007729351491564038,0.008583242367420802,0.007107572290468982,0.007049715694285677,0.0077464972355313745,0.007577252054741669,0.007719208478224628
2881,0.0066746433201497046,0.005256708767582287,0.009355538776274666,0.01041977524521014,0.008349633630829623,0.009999678177494392,0.012786913386078506,0.0090051787544379,0.01690058390329107,0.01624605681107294,0.016372009373414844,0.01678189770891326,0.015400859299384758,0.01568658305753963,0.009593150860988232,0.015777876952457314,0.015428179854962054,0.011972537916151634,0.0027109339222265156,0.014219885320787004,0.01248373145843067,0.011357215069597281,0.012919609325928184,0.008761958962494048,0.022225851814566686,0.019092041613085985,0.0160612394826943,0.009130442384522285,0.015369978436317515,0.006800017141628555,0.011970652482455222,0.011452238156397484,0.012613378658039368,0.008409666969656318,0.003943901489479257,0.012303159328989462,0.01717794738657421,0.00798375720067153,0.0015657591710662837,0.016366372131906663,0.01308135433510657,0.01758762812847202,0.003412113715083434,0.012732939321278319,0.013061503665592875,0.006279579635119155,0.008087437998283396,0.011594083684776822,0.01003167038425364,0.015079866282140987
2882,0.0072015102751555515,0.005184099337052128,0.011462853596053058,0.012228018445509385,0.0094873915739968,0.010764239122708123,0.013662182158560073,0.010814960868043042,0.01740264377419091,0.0177821524428243,0.017757046083594206,0.017630357871163824,0.016494642670443482,0.01705133635659339,0.011563610195097187,0.017543001644163763,0.015527511256805319,0.013544917457652014,0.0027677805616558326,0.015807132392007768,0.014452262951825083,0.01466887206521273,0.01805653311542202,0.009413117448898743,0.019092041613085985,0.0272989849268794,0.01837981573209985,0.009789976265277863,0.016442464433317535,0.007326675334068725,0.013040333325895728,0.01232207210943361,0.014434772249287941,0.00899080713130304,0.003975786450931564,0.012202720691259486,0.019396719775649357,0.009173710294356745,0.0019361247744785497,0.017409270907318246,0.015574908093405386,0.01816096804139818,0.0038247819211782524,0.01445331415701265,0.015020723703150652,0.0067636765572507305,0.008439361799762126,0.011645219819274041,0.010487686772205273,0.014745616630893993
2883,0.007557037354699402,0.0045544315198113,0.010571840709380225,0.011240118337420965,0.010118713576943147,0.009972581554613646,0.01248895473077286,0.009218532739073975,0.014868145618241766,0.016045882602173503,0.017162011470611135,0.015404410011661982,0.015343940814086294,0.016101090284299707,0.01093832079904983,0.016173027977814662,0.015108121610868256,0.012494343798001939,0.0021052225102310934,0.014240242642656373,0.012877002102900399,0.013375247160073942,0.01619419220746667,0.008808925200262448,0.0160612394826943,0.01837981573209985,0.024862491613540278,0.008908223215186433,0.014579545727324407,0.006584434636811412,0.012223630102852706,0.01177464744178451,0.012787649454774194,0.007806334798517256,0.002288695367593125,0.012246416444190339,0.01737878685972073,0.008402187522159214,0.0018145911477153549,0.01709264739097863,0.015395081528314942,0.01719409914085765,0.0031566672473746734,0.013353411502862308,0.012420315549137324,0.005121174360382682,0.0075206073680471885,0.011466065126282059,0.01109663166829877,0.013627147498432659
2884,0.004730102608438859,0.006855814092210197,0.007747372051095938,0.008427780406123755,0.006679619354877399,0.007384414226053779,0.009506845063638648,0.007643706942078682,0.008963008749511852,0.009070312079171854,0.009965607344417475,0.01042463034322653,0.007775643783866584,0.009486366237215417,0.006772518903414039,0.010295801107976578,0.008127046604835653,0.009239731697496834,0.002518151522451102,0.009316646846310258,0.006995255617726639,0.006067196394090267,0.006499985455007098,0.007435130349701679,0.009130442384522285,0.009789976265277863,0.008908223215186433,0.014520596246537225,0.009848668505203937,0.0062347090627919086,0.007793085562801985,0.008695886445421257,0.008599230441516748,0.007162288099559383,0.004328370363855676,0.007322724355242546,0.010328800443020649,0.006479265954236705,0.0023785453970364846,0.008942095405784629,0.00779290665993237,0.011666094145791443,0.003972391429758838,0.008286685966200883,0.008247695176519357,0.00585593848174473,0.0065155359520840325,0.007707068689611036,0.0066610652153165735,0.009706429209132022
2885,0.007854647114961762,0.006402944254103515,0.01223333515490539,0.012746425859454121,0.010398064189112526,0.009593668420697938,0.013962730425891905,0.01034841807044806,0.01644554131635208,0.015991509550545763,0.01565853587329677,0.016743678959035387,0.014566689025471155,0.017178146527134112,0.009559311511255272,0.016490266315895487,0.015095774801061512,0.013488822951310096,0.0025135829105957623,0.015699402655968323,0.013178143136347195,0.012599491924888236,0.014239100856308282,0.009838900731186583,0.015369978436317515,0.016442464433317535,0.014579545727324407,0.009848668505203937,0.02230789138312168,0.007186406039194816,0.01103259612161354,0.01095634852415943,0.013121373482762079,0.008726565583533005,0.0039911610773159635,0.011978861301423494,0.017074517966386784,0.00905686391703668,0.002179282078836967,0.015263522964867073,0.012858507145355885,0.017519888402133147,0.003780918334937214,0.013405902447857257,0.015354180014584152,0.0067846845435347355,0.008315746219930824,0.011091338316312701,0.012799204195985245,0.01420774866604498
2886,0.004597151140384684,0.00598251254775508,0.007339481325226502,0.007087524313741157,0.00556678355147275,0.006655390161397734,0.0036192902188173634,0.005494977674434962,0.005138332782211535,0.003991554537799035,0.004920152877466901,0.006292145528938944,0.002848533321279264,0.004210102260345923,0.0025838856452799807,0.004870870420796607,0.004808078404567839,0.005396869787049817,0.0027070705395411013,0.005732133640926896,0.004105408737192522,0.0031542230614064314,0.003345792171558368,0.006720715266589592,0.006800017141628555,0.007326675334068725,0.006584434636811412,0.0062347090627919086,0.007186406039194816,0.011662555719485275,0.00594904277278994,0.0066037054271443464,0.006018748070595252,0.006851355047652997,0.0045042388157197225,0.0029801575036480362,0.0039900718565433185,0.004932236064604233,0.0022518219281080524,0.004262428800782419,0.0026416006420581276,0.0057149553714817055,0.0032115296841784715,0.0051090560906436626,0.005382214314126538,0.006786591367627889,0.00655175899800707,0.005627578156745817,0.007068323502779311,0.0060254499208679735
2887,0.006696710455694846,0.004977470980801408,0.009220004646251086,0.009573066430323726,0.008063473976128046,0.008657712369766585,0.009299858956068436,0.008138127615201315,0.010577560187849206,0.011888420435474677,0.012216983746311796,0.01077957361120216,0.011317984541394138,0.011200450654253439,0.00808740907581879,0.010190518355138095,0.009695075764104444,0.010198535213651784,0.001997308460176947,0.009902214771934413,0.009237643023870895,0.008810288063978567,0.010224353794609684,0.007173095496564843,0.011970652482455222,0.013040333325895728,0.012223630102852706,0.007793085562801985,0.01103259612161354,0.00594904277278994,0.01669174835329494,0.009322283431007649,0.008686285112213239,0.007629310759375004,0.003109670647797076,0.011082033345422527,0.010238602877557398,0.008451413130037371,0.0017666691030674227,0.011713068152611398,0.010728230180575055,0.011119741132544426,0.004026081835242012,0.009938595816842801,0.010931385133782855,0.005069296622256641,0.006787143904999245,0.00700833139026031,0.008789503278661752,0.008401191222088253
2890,0.007109781604836006,0.006289702871517217,0.009311597564559012,0.010013630488599596,0.00808569536327653,0.009333663923459376,0.009574198597236109,0.008779365344135915,0.011719874480434517,0.012096284147047644,0.011692669189112742,0.011924034673276901,0.011334062932162704,0.009453382157295116,0.0071575369114429115,0.011110601388186363,0.011358449372381424,0.009754420662234236,0.0020097162802453802,0.011141831462442235,0.008712176467687897,0.008525837282581708,0.009086284970984697,0.00820709866296122,0.011452238156397484,0.01232207210943361,0.01177464744178451,0.008695886445421257,0.01095634852415943,0.0066037054271443464,0.009322283431007649,0.017168730143387063,0.010112490574580125,0.007921523508640674,0.004016188458336091,0.009675650760834192,0.012004020088266417,0.007353300232185273,0.0015234770698048542,0.012018784858034579,0.009083898444427073,0.012121418150061552,0.004165421349543132,0.010556951354214554,0.01049786994426035,0.006333549378361167,0.007332341911678308,0.009597963305774542,0.00953935957112169,0.010713469724343044
2891,0.005513161233125121,0.005704547959876823,0.00820807828693877,0.008646407056137102,0.007436220522602591,0.008535510563999312,0.012190561359878341,0.009598675390071245,0.013518196646779822,0.012126995066890961,0.012798198609283834,0.013676258421851323,0.013823689010969111,0.013084802210932523,0.008570852680443605,0.013417606309627407,0.01399407808716031,0.011531073721092001,0.0021227479290742957,0.012428542813432631,0.011695991510833566,0.010595575095561523,0.010594186776479966,0.008092256982262678,0.012613378658039368,0.014434772249287941,0.012787649454774194,0.008599230441516748,0.013121373482762079,0.006018748070595252,0.008686285112213239,0.010112490574580125,0.018411320265604693,0.0072011832574116865,0.003705233321515664,0.009617482517052465,0.013427969447800085,0.007094747303776041,0.0023272047087744413,0.011148895024966222,0.011963077694870199,0.013709628799130517,0.004074200947397427,0.01131365867964683,0.010734595006166579,0.00547784765050794,0.006878088013064937,0.009789418083564197,0.008250927085519581,0.01194035039633935
2892,0.00580587085552995,0.006124744792894146,0.00833062138509531,0.008310726522443258,0.006836391961334658,0.007895662105619535,0.005930914946817648,0.007220385363288402,0.007336131608842126,0.007060339613846,0.007485599285545805,0.008613407602975007,0.0065678822014106535,0.006324533748923669,0.005251004943729749,0.006049995362814318,0.0067024577182622684,0.007510862219047083,0.0025225305824765395,0.008091983652418139,0.006083866746448216,0.004883447249866901,0.005261559611095837,0.007146194850399586,0.008409666969656318,0.00899080713130304,0.007806334798517256,0.007162288099559383,0.008726565583533005,0.006851355047652997,0.007629310759375004,0.007921523508640674,0.0072011832574116865,0.011754371525755062,0.0045356555696213895,0.005972323315528066,0.006829310924559286,0.006944485138724713,0.0017006030000842128,0.006560064948304736,0.005680811473099539,0.008794507465359144,0.0034188983674112495,0.007411876380043785,0.00742157584273602,0.006679624777773118,0.0066432709354657185,0.006868154275830403,0.0073729326199763745,0.00793316968066814
2912,0.00276827159631316,0.0057839730165574425,0.004851794391460719,0.004895323036749315,0.003608190789510171,0.004308704247898769,0.0030647575865148133,0.004517718582541532,0.004196070526513617,0.002528183695079195,0.002584818381826279,0.0043988231064695125,0.0026665890077994703,0.0022525842119407334,0.0018179491387068265,0.0027898852685811835,0.0023254026671282466,0.003920517016601703,0.0019157181694337028,0.0031819287087686238,0.0016595402182240945,6.550067082145735e-05,0.0005822058509592673,0.004098299647554666,0.003943901489479257,0.003975786450931564,0.002288695367593125,0.004328370363855676,0.0039911610773159635,0.0045042388157197225,0.003109670647797076,0.004016188458336091,0.003705233321515664,0.0045356555696213895,0.010347489231517593,0.002303722534253269,0.0014307613826792178,0.003248250668570872,0.0016084888030544707,0.001638747640709482,0.001275995027469391,0.004802941206938394,0.001975944076210207,0.0033131081488954866,0.003426323372430822,0.0048326380485309356,0.003950630850580747,0.004427338039275313,0.003978833938764728,0.004194264021158198
3008,0.0074409974162449755,0.005297969390580325,0.010136629645991251,0.01097954645360751,0.008662593143660519,0.00979095409449113,0.01878708873777329,0.012384817121011327,0.01772434655365206,0.02315006677747715,0.020919996667656125,0.017659078557542878,0.020928612149562768,0.01823581607371604,0.015842196578832415,0.019537852563448123,0.02330252031714016,0.014666351964302899,0.0009783982663125305,0.02239378617241965,0.017788464224649577,0.015554471604258276,0.018768403587252337,0.006795357314630304,0.012303159328989462,0.012202720691259486,0.012246416444190339,0.007322724355242546,0.011978861301423494,0.0029801575036480362,0.011082033345422527,0.009675650760834192,0.009617482517052465,0.005972323315528066,0.002303722534253269,0.04288074326274725,0.020801743561377043,0.012579237283025598,-0.0005513002757171428,0.01987815553252229,0.023400135290465272,0.023284023415046744,0.0026994229842573305,0.015167662449459553,0.015348725290145908,0.002871805966346969,0.005836960085290445,0.011246802164334756,0.009305794991183081,0.017009481832551826
3017,0.007296920230231497,0.0039542176936815145,0.014601832597055213,0.016477558684915763,0.011996979319263855,0.011914004576778525,0.028319385162486294,0.014423050436948684,0.03145711148371667,0.040292232550524526,0.0287550426107668,0.028193689624037885,0.03659306597446448,0.028795931241447612,0.022495917265606544,0.04266199086517093,0.03664318479375282,0.021201834609793805,0.0016373956878014942,0.026834819893970827,0.02295320859543437,0.02346784005497956,0.02608602265691736,0.007692195929570253,0.01717794738657421,0.019396719775649357,0.01737878685972073,0.010328800443020649,0.017074517966386784,0.0039900718565433185,0.010238602877557398,0.012004020088266417,0.013427969447800085,0.006829310924559286,0.0014307613826792178,0.020801743561377043,0.08121354836880249,0.012338722346684117,-0.0011004472595177166,0.03953234938672583,0.034421404419756434,0.036503141997114366,0.002719461906250981,0.020580931868038138,0.021011542517310678,0.0033470466354377114,0.007370894940196796,0.019101668661831894,0.014227106021979538,0.04629241335157023
3034,0.006889151188040277,0.00518748090368569,0.009082032837603893,0.008648043729755694,0.007524164716348835,0.007085191635951926,0.011527533482947933,0.009595291045199668,0.011895760604896808,0.013415434648843184,0.011465448950996479,0.011973224341315248,0.01272537991429701,0.010102537642420426,0.011729205718155037,0.011929841799301153,0.010208844967074691,0.009287481950665172,0.0021354636322632,0.013918389102147388,0.009010512277420817,0.009616550735842427,0.00825091351512504,0.00679486586286903,0.00798375720067153,0.009173710294356745,0.008402187522159214,0.006479265954236705,0.00905686391703668,0.004932236064604233,0.008451413130037371,0.007353300232185273,0.007094747303776041,0.006944485138724713,0.003248250668570872,0.012579237283025598,0.012338722346684117,0.02110302195785367,0.00257019158299098,0.011581862887701792,0.013788030716929333,0.01316719232090096,0.003969996793689555,0.010328128653793029,0.010120515293345476,0.005476122973251408,0.00574533076889864,0.011074438450742683,0.008104014943058947,0.011637400217825769
3045,0.0020185845403432622,0.0036287775526775774,0.0013345680019243883,0.001345072354204285,0.0017660598800884348,0.0016001615439703886,0.0011438235909494996,0.001175646834565425,0.0011109527298034574,-0.0017734830728300915,0.0004488722716305893,0.0015953932386279042,-0.0005333777310575051,0.0007301679375680204,0.0011606578165278927,-0.00016448642305496423,0.002448206432526208,0.0012201103576273968,0.0018720595142757803,-0.000984237166031916,0.0008984826929470376,0.0012952385388040584,0.0013242192471732072,0.0016662704185844805,0.0015657591710662837,0.0019361247744785497,0.0018145911477153549,0.0023785453970364846,0.002179282078836967,0.0022518219281080524,0.0017666691030674227,0.0015234770698048542,0.0023272047087744413,0.0017006030000842128,0.0016084888030544707,-0.0005513002757171428,-0.0011004472595177166,0.00257019158299098,0.010918809702725877,-0.0006189967421159709,-0.0011949955888803517,0.0007038448055807834,0.004743615912148762,0.00048122596741655165,-3.929055288222916e-05,0.0017556319205461702,0.0019462603173323087,0.0013304970573806121,0.0018598528330505725,-0.00031681243567628214
3231,0.008651657781756455,0.003445260351029733,0.015082488423734497,0.015517844626479302,0.012139989208689427,0.012528860649003451,0.026262044329188876,0.014129651988796128,0.027421227148169372,0.03349426585646202,0.02748649338767047,0.02473571777772868,0.03193793436389843,0.0244239544696825,0.016700464203041467,0.037390886094235194,0.02991603951958076,0.019057695956329973,0.0019134523109535803,0.02434389767044271,0.02343398416934923,0.02531738363325133,0.029140608618499167,0.00757522164391661,0.016366372131906663,0.017409270907318246,0.01709264739097863,0.008942095405784629,0.015263522964867073,0.004262428800782419,0.011713068152611398,0.012018784858034579,0.011148895024966222,0.006560064948304736,0.001638747640709482,0.01987815553252229,0.03953234938672583,0.011581862887701792,-0.0006189967421159709,0.05099694733118133,0.03052614487655764,0.030540426075518247,0.003094652695756238,0.020679761587129936,0.018869338736330725,0.004066628385741739,0.007541717754216127,0.016829285981861654,0.015981193033478728,0.038394203294287
3661,0.006855585698095861,0.00245392818740728,0.010659461284415412,0.009917838295439416,0.010027918953077612,0.009950479367977928,0.020603957118141836,0.010129413631138335,0.025777872006803742,0.02987810166216674,0.027249971147124984,0.02325548172035903,0.03181336020706751,0.025692478781198805,0.022601174188091062,0.027807145368800936,0.03082928803682851,0.01815670027523756,0.0006179561555450235,0.02482755629993365,0.020188490054523323,0.01956439581188634,0.017476253930085152,0.005470357620836217,0.01308135433510657,0.015574908093405386,0.015395081528314942,0.00779290665993237,0.012858507145355885,0.0026416006420581276,0.010728230180575055,0.009083898444427073,0.011963077694870199,0.005680811473099539,0.001275995027469391,0.023400135290465272,0.034421404419756434,0.013788030716929333,-0.0011949955888803517,0.03052614487655764,0.09029790229062595,0.028137288508232876,0.0019933770511137198,0.01663247386551172,0.015312084836379102,0.000522173562565159,0.005492881163156022,0.01887160595788404,0.009912644354888726,0.03725001549492166
3711,0.007522150859715572,0.007139299264976117,0.013998834471457902,0.01482446743322866,0.011693886390468698,0.011183664722160591,0.023253743861524075,0.016082547638652887,0.030423300675791413,0.03367832425131812,0.026877818006849283,0.029754338527251102,0.027120997756178995,0.022127238206327404,0.017806443859838938,0.03314806349996912,0.028923760520023125,0.01949513446487683,0.0020539017474421597,0.029720566432928745,0.019778016643648325,0.018710884531210073,0.019061579705225203,0.009682447399950339,0.01758762812847202,0.01816096804139818,0.01719409914085765,0.011666094145791443,0.017519888402133147,0.0057149553714817055,0.011119741132544426,0.012121418150061552,0.013709628799130517,0.008794507465359144,0.004802941206938394,0.023284023415046744,0.036503141997114366,0.01316719232090096,0.0007038448055807834,0.030540426075518247,0.028137288508232876,0.050179757952145,0.002736062046122538,0.01901780423941482,0.015911540641581387,0.004993172927572541,0.0085364075669627,0.01780574326816135,0.013985397042179794,0.03118203349392818
4904,0.0033990589720868615,0.004939565501626332,0.005292479235013419,0.00475238891644419,0.0037190250233871936,0.0035792669447168566,0.004737248121712943,0.003825126050379398,0.00250625779500189,0.0020327970700783566,0.0030340661611557317,0.00401810916540201,0.003815425415947635,0.0036547723114410163,0.002543455804234591,0.0016783852332110652,0.005031702412687495,0.004271968060420158,0.0019153911104341458,0.0017342056664362698,0.002764398244508675,0.0025356223376568014,0.002814912490462016,0.0032688574229226323,0.003412113715083434,0.0038247819211782524,0.0031566672473746734,0.003972391429758838,0.003780918334937214,0.0032115296841784715,0.004026081835242012,0.004165421349543132,0.004074200947397427,0.0034188983674112495,0.001975944076210207,0.0026994229842573305,0.002719461906250981,0.003969996793689555,0.004743615912148762,0.003094652695756238,0.0019933770511137198,0.002736062046122538,0.012565893993586763,0.0047391340357093355,0.003635921594654324,0.002274706394281129,0.0030725033988704517,0.0050350844795930185,0.005161702513036007,0.0021427891213109946
4938,0.00717758915488712,0.005088875341594202,0.011755935563674196,0.01182088941023311,0.008975851574019592,0.010472967017183006,0.017692163741115895,0.010819811994372588,0.01708906213001368,0.019546927855665426,0.016647831002775133,0.016041874517545036,0.018698463617129756,0.01778435819896861,0.012216408713388274,0.021174364886072265,0.01499788651917414,0.013190867950684755,0.0018485753742550324,0.016372780451639073,0.015515092637543582,0.01564471394467256,0.014236838461128628,0.007729351491564038,0.012732939321278319,0.01445331415701265,0.013353411502862308,0.008286685966200883,0.013405902447857257,0.0051090560906436626,0.009938595816842801,0.010556951354214554,0.01131365867964683,0.007411876380043785,0.0033131081488954866,0.015167662449459553,0.020580931868038138,0.010328128653793029,0.00048122596741655165,0.020679761587129936,0.01663247386551172,0.01901780423941482,0.0047391340357093355,0.025485382896102905,0.014005425577934045,0.004913550021206845,0.00709813535151552,0.01182801929297568,0.010807217724766768,0.018045069586496064
5871,0.007516834017387945,0.005328228311000004,0.015216706723272543,0.015524700819837834,0.013004004639664838,0.011017432200945013,0.017166132557794384,0.011682550392448553,0.015529357059034044,0.019767059296879705,0.017474912559936478,0.014204591430433953,0.01705570725484281,0.016074426447848716,0.010292001568578577,0.018761715584564638,0.016368738992814807,0.013408612131280265,0.0019909354639455093,0.015382712337800843,0.016609049621993246,0.01635966616215117,0.021892979480807186,0.008583242367420802,0.013061503665592875,0.015020723703150652,0.012420315549137324,0.008247695176519357,0.015354180014584152,0.005382214314126538,0.010931385133782855,0.01049786994426035,0.010734595006166579,0.00742157584273602,0.003426323372430822,0.015348725290145908,0.021011542517310678,0.010120515293345476,-3.929055288222916e-05,0.018869338736330725,0.015312084836379102,0.015911540641581387,0.003635921594654324,0.014005425577934045,0.032084290782611206,0.006621424057314424,0.007468117889547553,0.013288989437217945,0.014325229291532375,0.011576603025474292
5876,0.003955932284510248,0.005966073753926271,0.006272338079928287,0.00684558436485893,0.005258039654257834,0.007751004114143685,0.0036932414626407507,0.006039674877184275,0.0038797126102028054,0.004239252617672454,0.004199402965981567,0.006901006736877935,0.002730379765184161,0.002875175816024031,0.004506888423484848,0.004510651151257006,0.0038264825126540637,0.004658042163832529,0.002817734479866329,0.007210501004048251,0.003027609897407642,0.002479954945372781,0.002549994600186371,0.007107572290468982,0.006279579635119155,0.0067636765572507305,0.005121174360382682,0.00585593848174473,0.0067846845435347355,0.006786591367627889,0.005069296622256641,0.006333549378361167,0.00547784765050794,0.006679624777773118,0.0048326380485309356,0.002871805966346969,0.0033470466354377114,0.005476122973251408,0.0017556319205461702,0.004066628385741739,0.000522173562565159,0.004993172927572541,0.002274706394281129,0.004913550021206845,0.006621424057314424,0.016484222322861366,0.006659842848910613,0.003946854811881412,0.00522597140463003,0.007488694237297107
5880,0.004774007248114977,0.005219050055734394,0.007808598215709731,0.008289230989480978,0.0069526755770899906,0.007864896009049688,0.006624955337168995,0.007172599297434454,0.007623475471124469,0.00751247435120577,0.007531980610037271,0.008326388038235622,0.005954996920396335,0.006381304306986743,0.005227855323578747,0.00763936073543112,0.007362910286991594,0.006877813264988626,0.0024684924060404873,0.008008245240318327,0.006646915634909859,0.006011731910178798,0.006436203213522658,0.007049715694285677,0.008087437998283396,0.008439361799762126,0.0075206073680471885,0.0065155359520840325,0.008315746219930824,0.00655175899800707,0.006787143904999245,0.007332341911678308,0.006878088013064937,0.0066432709354657185,0.003950630850580747,0.005836960085290445,0.007370894940196796,0.00574533076889864,0.0019462603173323087,0.007541717754216127,0.005492881163156022,0.0085364075669627,0.0030725033988704517,0.00709813535151552,0.007468117889547553,0.006659842848910613,0.010201046840899283,0.005636574626183224,0.0075684574313063776,0.008828026453031044
6446,0.006819864638993043,0.0060088547073889245,0.011946722657001183,0.011376526023488398,0.00875357032264916,0.004762670798351257,0.014062496190997175,0.008027729816863682,0.017508070737796005,0.017210158720520043,0.015409475263889036,0.015288744229231661,0.01333327980483061,0.01293831961973453,0.007355448647793772,0.01783438018874158,0.01551125300492364,0.011159871370339062,0.0023845360759724155,0.013677848983266518,0.010975120147638885,0.010765608887898662,0.011268234501801951,0.0077464972355313745,0.011594083684776822,0.011645219819274041,0.011466065126282059,0.007707068689611036,0.011091338316312701,0.005627578156745817,0.00700833139026031,0.009597963305774542,0.009789418083564197,0.006868154275830403,0.004427338039275313,0.011246802164334756,0.019101668661831894,0.011074438450742683,0.0013304970573806121,0.016829285981861654,0.01887160595788404,0.01780574326816135,0.0050350844795930185,0.01182801929297568,0.013288989437217945,0.003946854811881412,0.005636574626183224,0.05409254432283377,0.012182546925484938,0.01651642263380473
6505,0.011169712287259367,0.006968215841669713,0.027074658448362127,0.024427736459328362,0.01570631878273019,0.011488637379159729,0.012168583508798497,0.01030142946998309,0.01351454613732466,0.013800606303435312,0.013424138312654202,0.013594323677499071,0.010258112759298018,0.01008333941816299,0.0074766365421912034,0.01415254460896919,0.013284450864337827,0.011468515192064148,0.002721437996390989,0.010362906131220435,0.0077636922002421345,0.008418899136655406,0.013116172900545044,0.007577252054741669,0.01003167038425364,0.010487686772205273,0.01109663166829877,0.0066610652153165735,0.012799204195985245,0.007068323502779311,0.008789503278661752,0.00953935957112169,0.008250927085519581,0.0073729326199763745,0.003978833938764728,0.009305794991183081,0.014227106021979538,0.008104014943058947,0.0018598528330505725,0.015981193033478728,0.009912644354888726,0.013985397042179794,0.005161702513036007,0.010807217724766768,0.014325229291532375,0.00522597140463003,0.0075684574313063776,0.012182546925484938,0.0342539169957254,0.011462046150172581
6669,0.0059387256641554205,0.005007496797818299,0.010167179862586936,0.011006719287432645,0.006695774343032259,0.013338703160536727,0.021997234219461596,0.015030237541176108,0.027716755814996597,0.03311558560967696,0.02429251018202214,0.02945137910059477,0.03389728825620451,0.022901363291973082,0.020251075247479624,0.03929889655631006,0.033611128212943465,0.019304886047071968,0.0020175679513977115,0.02931229585575443,0.021300064710229383,0.02211669783897026,0.020675286315869113,0.007719208478224628,0.015079866282140987,0.014745616630893993,0.013627147498432659,0.009706429209132022,0.01420774866604498,0.0060254499208679735,0.008401191222088253,0.010713469724343044,0.01194035039633935,0.00793316968066814,0.004194264021158198,0.017009481832551826,0.04629241335157023,0.011637400217825769,-0.00031681243567628214,0.038394203294287,0.03725001549492166,0.03118203349392818,0.0021427891213109946,0.018045069586496064,0.011576603025474292,0.007488694237297107,0.008828026453031044,0.01651642263380473,0.011462046150172581,0.07513564508825649
