quarter,estimator,method,problem,time,sharpe,vol,gamma,feasible_rate,repaired,vol_ratio,round_vol_ratio,ce_loss,round_ce_loss
2025_06,sample,SA-cont,GMVP,2.2906229998916388,0.7762227902876014,0.051723333072151635,,,,,,,
2025_06,sample,SA-cont,MSRP,2.356517900014296,1.934872290930095,0.09886946205225129,,,,,,,
2025_06,sample,QUBO-P20,GMVP,5.647875600028783,0.9654293188913546,0.06452243655344185,,0.97,False,1.2474531905843045,1.013120581228188,,
2025_06,sample,QUBO-P20,MV,5.343517599860206,1.3806191439142255,0.16881278955703066,0.5,0.0,True,,,0.0028321933593099258,0.0
2025_06,sample,QUBO-P20,MV,5.203704199986532,1.388984923807369,0.16695388698989252,1.0,0.0,True,,,0.002204963950123595,0.0
2025_06,sample,QUBO-P20,MV,5.423314299900085,1.5401929580570153,0.14606649499540952,2.0,0.0,True,,,0.001162125867055941,1.2042297104525312e-05
2025_06,sample,QUBO-P20,MV,5.698901299852878,1.8112689676601843,0.11578845231965942,5.0,0.06,False,,,0.00022295854666293247,1.958034976395906e-05
2025_06,sample,QUBO-P20,MV,5.641777300043032,1.8518824890190588,0.10450007662338687,10.0,0.96,False,,,0.007184451569990091,2.703169854706422e-05
2025_06,sample,QUBO-P20,MV,5.499545099912211,1.8092771880620921,0.09335275048756296,20.0,0.98,False,,,0.01180770628786193,0.00017175562290172586
2025_06,sample,QUBO-P20,MV,5.574002599809319,1.4368195963905945,0.07025166861836152,50.0,0.99,False,,,0.025660205316593007,0.000677149901136348
2025_06,sample,QUBO-P20,MSRP-select,,1.8518824890190588,,10.0,,,,,,
2025_06,sample,QUBO-P100,GMVP,153.56980229984038,1.079963594125293,0.0715780041109717,,0.81,False,1.3838629533144169,1.000764206149426,,
2025_06,sample,QUBO-P100,MV,149.05575160006993,1.7341718954834284,0.11826581150009177,0.5,0.0,True,,,0.027177376922247143,0.0
2025_06,sample,QUBO-P100,MV,149.7604676000774,1.7432679023260074,0.11761982528698854,1.0,0.0,True,,,0.02203894130987752,0.0
2025_06,sample,QUBO-P100,MV,149.5846166999545,1.6179846546703243,0.10329678704156463,2.0,0.0033333333333333335,False,,,0.04833490180992234,6.230041516008811e-08
2025_06,sample,QUBO-P100,MV,152.52604610007256,1.7329004670673198,0.10350130458648686,5.0,0.68,False,,,0.02385341588796963,1.144274294678782e-06
2025_06,sample,QUBO-P100,MV,153.76671830005944,1.7336492149312288,0.09395347356152513,10.0,0.98,False,,,0.0273588937899025,5.784119157303813e-06
2025_06,sample,QUBO-P100,MV,154.64895540010184,1.625961086804638,0.08529021096226425,20.0,0.9866666666666667,False,,,0.027626984701805468,6.7984506433860226e-06
2025_06,sample,QUBO-P100,MV,153.3226075998973,1.2753579300749935,0.07191957280542137,50.0,0.9333333333333333,False,,,0.04080418218284863,2.1700185462728006e-05
2025_06,sample,QUBO-P100,MSRP-select,,1.7432679023260074,,1.0,,,,,,
2025_06,sample,MVO,GMVP,,0.7762953425550082,0.05172333281958233,,,,,,,
2025_06,sample,MVO,MSRP,,1.9348722928678983,0.09886817549359073,,,,,,,
2025_06,ewma,SA-cont,GMVP,2.190211300039664,0.5968516763348809,0.0574954620879718,,,,,,,
2025_06,ewma,SA-cont,MSRP,2.410595400026068,1.7078661394727934,0.11393389269811473,,,,,,,
2025_06,ewma,QUBO-P20,GMVP,5.704145600087941,0.6153357361708732,0.07233810923609246,,0.87,False,1.2581540057816867,1.002848335350273,,
2025_06,ewma,QUBO-P20,MV,5.3705286998301744,1.184871927688021,0.1967015704851493,0.5,0.0,True,,,0.002387092216744935,0.0
2025_06,ewma,QUBO-P20,MV,5.568109200103208,1.2652250795567581,0.180797149610832,1.0,0.0,True,,,0.00177223517152858,0.0
2025_06,ewma,QUBO-P20,MV,5.607762699946761,1.3906533966699077,0.15863666175070992,2.0,0.0,True,,,0.000818593273099133,1.9210034250177754e-05
2025_06,ewma,QUBO-P20,MV,5.642916799988598,1.5441210158921228,0.1358209805718051,5.0,0.42,False,,,0.002025603305982532,4.05673251777372e-05
2025_06,ewma,QUBO-P20,MV,5.639482599915937,1.6750978771707756,0.11160459854188011,10.0,0.98,False,,,0.005445061317624261,0.00014047891006646607
2025_06,ewma,QUBO-P20,MV,5.636277899844572,1.5627150590637662,0.09362587952384341,20.0,0.99,False,,,0.00822834063031705,0.00012603429004107158
2025_06,ewma,QUBO-P20,MV,5.746358799980953,1.2796431177152978,0.08120135888787565,50.0,0.96,False,,,0.03601285805957119,0.0003900383886389358
2025_06,ewma,QUBO-P20,MSRP-select,,1.6750978771707756,,10.0,,,,,,
2025_06,ewma,QUBO-P100,GMVP,155.31209350004792,0.8286008358189683,0.08020434084442503,,0.5933333333333334,False,1.3949689006267976,1.0001021099427072,,
2025_06,ewma,QUBO-P100,MV,150.02547269989736,1.4912275283629948,0.1375895731520158,0.5,0.0,True,,,0.02533574781895237,0.0
2025_06,ewma,QUBO-P100,MV,151.08363889995962,1.515266968594198,0.13515258409545994,1.0,0.0,True,,,0.018518382611667994,0.0
2025_06,ewma,QUBO-P100,MV,151.9191294000484,1.441833905799743,0.12098081405100988,2.0,0.0033333333333333335,False,,,0.03646373304013503,2.2782415223798758e-07
2025_06,ewma,QUBO-P100,MV,151.74227070016786,1.5208746958318486,0.11966337850105276,5.0,0.8733333333333333,False,,,0.019436592902981414,1.4818113231729324e-06
2025_06,ewma,QUBO-P100,MV,153.93350399984047,1.4336891833480498,0.103902275144554,10.0,0.98,False,,,0.035130601240226184,2.9182463387456004e-07
2025_06,ewma,QUBO-P100,MV,155.13884510006756,1.4120809203804847,0.0972988751119017,20.0,0.9666666666666667,False,,,0.024157685174599097,1.3041080884762524e-05
2025_06,ewma,QUBO-P100,MV,155.38913869997486,1.1815528852859172,0.08643419770016218,50.0,0.8066666666666666,False,,,0.05972528860039966,1.2501233952855184e-05
2025_06,ewma,QUBO-P100,MSRP-select,,1.5208746958318486,,5.0,,,,,,
2025_06,ewma,MVO,GMVP,,0.5977318921983682,0.05749543291494673,,,,,,,
2025_06,ewma,MVO,MSRP,,1.7078661394784662,0.11393385079790887,,,,,,,
2025_06,lw_identity,SA-cont,GMVP,2.582819400122389,0.8332556562028149,0.0576477695733798,,,,,,,
2025_06,lw_identity,SA-cont,MSRP,3.053800900001079,1.9460223696471362,0.09635868656907673,,,,,,,
2025_06,lw_identity,QUBO-P20,GMVP,6.079821499995887,1.1335564733944419,0.06546189474600538,,0.99,False,1.1355495110182254,1.0106540074567425,,
2025_06,lw_identity,QUBO-P20,MV,5.891057299915701,1.389429344434269,0.16774236842888693,0.5,0.0,True,,,0.0027879772926017454,0.0
2025_06,lw_identity,QUBO-P20,MV,5.773264599964023,1.389429344434269,0.16774236842888693,1.0,0.0,True,,,0.0012588735852035182,0.0
2025_06,lw_identity,QUBO-P20,MV,5.987361400155351,1.4984646584233428,0.1522653325304784,2.0,0.0,True,,,0.00023148124726782293,5.82516820449297e-06
2025_06,lw_identity,QUBO-P20,MV,5.811276500113308,1.8315516238334313,0.10940788776709028,5.0,0.01,False,,,0.006975164874678058,2.2617805280622516e-06
2025_06,lw_identity,QUBO-P20,MV,5.675038900226355,1.807922878873255,0.11104883999538948,10.0,0.94,False,,,0.008000186393227998,6.582600145493833e-06
2025_06,lw_identity,QUBO-P20,MV,6.009403399890289,1.8783456638820237,0.09129742384348002,20.0,0.99,False,,,0.006533135937586296,0.00021542654482965828
2025_06,lw_identity,QUBO-P20,MV,5.811600600136444,1.7086950695900454,0.077682611668006,50.0,0.97,False,,,0.018075395167506655,0.0005943344008807333
2025_06,lw_identity,QUBO-P20,MSRP-select,,1.8783456638820237,,20.0,,,,,,
2025_06,lw_identity,QUBO-P100,GMVP,156.82419659988955,1.013376125690714,0.06829532495925683,,0.85,False,1.1847002468111012,1.0004371137787564,,
2025_06,lw_identity,QUBO-P100,MV,152.084036400076,1.7618349157974882,0.11644796158846367,0.5,0.0,True,,,0.027047718090595696,0.0
2025_06,lw_identity,QUBO-P100,MV,152.55964120011777,1.7731586637688266,0.11591107112950133,1.0,0.0,True,,,0.021445259707331465,0.0
2025_06,lw_identity,QUBO-P100,MV,153.6471977001056,1.7276354979918562,0.11660399530697162,2.0,0.0,True,,,0.017358259478198912,2.4206291696082793e-07
2025_06,lw_identity,QUBO-P100,MV,153.6997697998304,1.7189955949988953,0.10898187686753229,5.0,0.48,False,,,0.01978940205446242,2.2617805280622516e-06
2025_06,lw_identity,QUBO-P100,MV,154.5094941998832,1.8457754367414585,0.09541129578086795,10.0,0.97,False,,,0.016517451244541265,4.256869941515751e-06
2025_06,lw_identity,QUBO-P100,MV,155.62958639999852,1.6777384488729656,0.08536750681622164,20.0,0.99,False,,,0.02432082386320239,3.131108768816837e-06
2025_06,lw_identity,QUBO-P100,MV,155.50769070000388,1.432623316549203,0.07219749866918188,50.0,0.9466666666666667,False,,,0.02682673719061411,4.499288055108408e-05
2025_06,lw_identity,QUBO-P100,MSRP-select,,1.8457754367414585,,10.0,,,,,,
2025_06,lw_identity,MVO,GMVP,,0.8332998157750687,0.05764776798442453,,,,,,,
2025_06,lw_identity,MVO,MSRP,,1.9460223717953613,0.09636112643498543,,,,,,,
2025_06,lw_const_corr,SA-cont,GMVP,2.4007518999278545,0.7560322194732618,0.052863292557545356,,,,,,,
2025_06,lw_const_corr,SA-cont,MSRP,2.679638700094074,1.9283806160085672,0.0982841274972269,,,,,,,
2025_06,lw_const_corr,QUBO-P20,GMVP,5.895859100157395,0.9292652074397438,0.06535411671370252,,0.93,False,1.2362854291918375,1.0016499079159402,,
2025_06,lw_const_corr,QUBO-P20,MV,5.674601299921051,1.3819033735386177,0.16865590855545218,0.5,0.0,True,,,0.0028189577524695975,0.0
2025_06,lw_const_corr,QUBO-P20,MV,5.628629500046372,1.427837025649768,0.16140315796554258,1.0,0.0,True,,,0.002732680460231618,0.0
2025_06,lw_const_corr,QUBO-P20,MV,5.652354599907994,1.5482422234911772,0.14530709961694957,2.0,0.0,True,,,0.001015051830410535,8.379510787637212e-06
2025_06,lw_const_corr,QUBO-P20,MV,5.729964000172913,1.7958322852218878,0.11531195797296499,5.0,0.06,False,,,0.0029439917126228288,3.4136814281909844e-05
2025_06,lw_const_corr,QUBO-P20,MV,5.810845199972391,1.8695850517503145,0.10333603829316533,10.0,0.95,False,,,0.005930961918999306,8.970999225907383e-05
2025_06,lw_const_corr,QUBO-P20,MV,5.912208199966699,1.8026741537602367,0.08833404928885404,20.0,0.99,False,,,0.011730381789481326,0.00026646448604580875
2025_06,lw_const_corr,QUBO-P20,MV,5.825185999972746,1.4495051084790567,0.06485474011101651,50.0,0.95,False,,,0.012114855577914183,0.00042629186801890206
2025_06,lw_const_corr,QUBO-P20,MSRP-select,,1.8695850517503145,,10.0,,,,,,
2025_06,lw_const_corr,QUBO-P100,GMVP,155.5521281999536,0.9350135195115324,0.07168186394247461,,0.79,False,1.3559856423063352,1.0000782091080136,,
2025_06,lw_const_corr,QUBO-P100,MV,152.71750280004926,1.6009362592100957,0.12983450652967085,0.5,0.0,True,,,0.025131403451254114,0.0
2025_06,lw_const_corr,QUBO-P100,MV,152.46947889984585,1.6800630963006187,0.1210069414343133,1.0,0.0,True,,,0.02418663899725032,0.0
2025_06,lw_const_corr,QUBO-P100,MV,152.97069350001402,1.7377897537688125,0.11252998676962825,2.0,0.0,True,,,0.021981025553693134,7.179552320157878e-07
2025_06,lw_const_corr,QUBO-P100,MV,135.7045359001495,1.6709689179941851,0.11229482399663222,5.0,0.6466666666666666,False,,,0.02066696777481225,4.7476556186420993e-07
2025_06,lw_const_corr,QUBO-P100,MV,135.29460459994152,1.751008724572627,0.09759181668938179,10.0,0.9966666666666667,False,,,0.02247148132203612,3.827028091790696e-06
2025_06,lw_const_corr,QUBO-P100,MV,132.54061409994029,1.6629603947631706,0.08793522076082014,20.0,0.99,False,,,0.02403208777436608,1.2008078604033856e-05
2025_06,lw_const_corr,QUBO-P100,MV,133.35039269994013,1.482805565045553,0.07570392532654911,50.0,0.94,False,,,0.031991605782419955,1.686472211656631e-05
2025_06,lw_const_corr,QUBO-P100,MSRP-select,,1.751008724572627,,10.0,,,,,,
2025_06,lw_const_corr,MVO,GMVP,,0.7559454040691657,0.05286329125178209,,,,,,,
2025_06,lw_const_corr,MVO,MSRP,,1.9283806194885842,0.09828580572347191,,,,,,,
2025_06,lw_single_factor,SA-cont,GMVP,2.3877040001098067,0.7916972905606706,0.05076602014209168,,,,,,,
2025_06,lw_single_factor,SA-cont,MSRP,2.5374195999465883,1.9528439043064854,0.09589739904468819,,,,,,,
2025_06,lw_single_factor,QUBO-P20,GMVP,5.750177899841219,1.0166140421799374,0.061983211657081275,,0.96,False,1.2209586681474531,1.0082684387866585,,
2025_06,lw_single_factor,QUBO-P20,MV,5.426187800010666,1.3831737547892506,0.16850100588809355,0.5,0.0,True,,,0.0028400651226369034,0.0
2025_06,lw_single_factor,QUBO-P20,MV,5.670857400167733,1.3831737547892506,0.16850100588809355,1.0,0.0,True,,,0.0013630492452737786,0.0
2025_06,lw_single_factor,QUBO-P20,MV,5.535677200183272,1.505084527566321,0.15051975643276114,2.0,0.0,True,,,0.0010005365986243686,1.4884638327966604e-05
2025_06,lw_single_factor,QUBO-P20,MV,5.75804949994199,1.7608090318031295,0.1204352662155757,5.0,0.07,False,,,0.0010198432472264263,2.4049485016386374e-05
2025_06,lw_single_factor,QUBO-P20,MV,5.627622900065035,1.8689107080444667,0.10512725522643074,10.0,0.97,False,,,0.005704407806256029,3.750484012979283e-05
2025_06,lw_single_factor,QUBO-P20,MV,5.74820419983007,1.8546654716679554,0.09257720455408347,20.0,1.0,False,,,0.00932589422157444,0.00012129097415931878
2025_06,lw_single_factor,QUBO-P20,MV,5.7687087000813335,1.533436445384008,0.07098301496462865,50.0,0.98,False,,,0.02488619973150763,0.0006897329253845036
2025_06,lw_single_factor,QUBO-P20,MSRP-select,,1.8689107080444667,,10.0,,,,,,
2025_06,lw_single_factor,QUBO-P100,GMVP,129.52222170005552,0.9858806620041318,0.06961208813091861,,0.8166666666666667,False,1.3712339218805134,1.0009525486365567,,
2025_06,lw_single_factor,QUBO-P100,MV,127.3969460001681,1.739812152491873,0.11788685709904999,0.5,0.0,True,,,0.027181428045484984,0.0
2025_06,lw_single_factor,QUBO-P100,MV,126.83096210006624,1.791340702751192,0.1137550853319181,1.0,0.0,True,,,0.02292891897206009,0.0
2025_06,lw_single_factor,QUBO-P100,MV,127.88657180010341,1.7925487298966725,0.11371812010474618,2.0,0.0,True,,,0.013975835102204126,2.2199345417472927e-08
2025_06,lw_single_factor,QUBO-P100,MV,128.0675643000286,1.6207657269676814,0.11300322338544373,5.0,0.63,False,,,0.025594284114936167,1.210870125500918e-06
2025_06,lw_single_factor,QUBO-P100,MV,127.60372069990262,1.7039157478780829,0.09704639367640354,10.0,0.9833333333333333,False,,,0.02865029601701799,3.173924021104835e-07
2025_06,lw_single_factor,QUBO-P100,MV,126.5407463000156,1.6968117324315106,0.08333359747423096,20.0,0.9866666666666667,False,,,0.02336370972105982,4.7016894732937464e-06
2025_06,lw_single_factor,QUBO-P100,MV,125.31234420021065,1.4942027601912153,0.07437310811537969,50.0,0.9366666666666666,False,,,0.03492490838333914,2.018498007827496e-05
2025_06,lw_single_factor,QUBO-P100,MSRP-select,,1.7925487298966725,,2.0,,,,,,
2025_06,lw_single_factor,MVO,GMVP,,0.7917341775851233,0.050766019582896865,,,,,,,
2025_06,lw_single_factor,MVO,MSRP,,1.9528439159143525,0.09589385132504814,,,,,,,
