stock_id,mu
1216,0.024995338
1301,0.3221805
1303,0.43717885
2002,0.0537843
2059,0.12006174
2207,0.06917313
2301,0.17852707
2303,0.056571867
2308,0.25939822
2317,0.17766008
2327,0.10356243
2330,0.17411654
2345,0.1517125
2357,0.10129303
2360,0.11506577
2379,0.022681747
2382,0.18805078
2383,0.07156074
2395,0.12196192
2408,-0.05440123
2412,0.0048447363
2454,0.116576895
2603,0.15112232
2615,0.18270956
2880,0.11681655
2881,0.14887778
2882,0.08551471
2883,0.0857912
2884,0.1109959
2885,0.1279698
2886,0.01493787
2887,0.12425354
2890,0.14960217
2891,0.1182909
2892,0.03595743
2912,0.054675624
3008,0.031484604
3017,0.16374847
3034,0.0014047474
3045,0.02558966
3231,0.20049673
3653,0.015540641
3661,0.090624526
3665,0.11152083
3711,0.04037783
4904,0.025489252
5880,0.02160421
6505,0.27800876
6669,0.08729714
6919,0.19419959
