stock_id,MVO|Sample|GMVP,MVO|Sample|MSRP,SA-cont|Sample|GMVP,SA-cont|Sample|MSRP,MVO-round-P20|Sample|GMVP,MVO-round-P20|Sample|MSRP,QUBO-P20|Sample|GMVP,QUBO-P20|Sample|MSRP,MVO-round-P100|Sample|GMVP,MVO-round-P100|Sample|MSRP,QUBO-P100|Sample|GMVP,QUBO-P100|Sample|MSRP,MVO|EWMA|GMVP,MVO|EWMA|MSRP,SA-cont|EWMA|GMVP,SA-cont|EWMA|MSRP,MVO-round-P20|EWMA|GMVP,MVO-round-P20|EWMA|MSRP,QUBO-P20|EWMA|GMVP,QUBO-P20|EWMA|MSRP,MVO-round-P100|EWMA|GMVP,MVO-round-P100|EWMA|MSRP,QUBO-P100|EWMA|GMVP,QUBO-P100|EWMA|MSRP,MVO|LW-Identity|GMVP,MVO|LW-Identity|MSRP,SA-cont|LW-Identity|GMVP,SA-cont|LW-Identity|MSRP,MVO-round-P20|LW-Identity|GMVP,MVO-round-P20|LW-Identity|MSRP,QUBO-P20|LW-Identity|GMVP,QUBO-P20|LW-Identity|MSRP,MVO-round-P100|LW-Identity|GMVP,MVO-round-P100|LW-Identity|MSRP,QUBO-P100|LW-Identity|GMVP,QUBO-P100|LW-Identity|MSRP,MVO|LW-ConstCorr|GMVP,MVO|LW-ConstCorr|MSRP,SA-cont|LW-ConstCorr|GMVP,SA-cont|LW-ConstCorr|MSRP,MVO-round-P20|LW-ConstCorr|GMVP,MVO-round-P20|LW-ConstCorr|MSRP,QUBO-P20|LW-ConstCorr|GMVP,QUBO-P20|LW-ConstCorr|MSRP,MVO-round-P100|LW-ConstCorr|GMVP,MVO-round-P100|LW-ConstCorr|MSRP,QUBO-P100|LW-ConstCorr|GMVP,QUBO-P100|LW-ConstCorr|MSRP,MVO|LW-SingleFactor|GMVP,MVO|LW-SingleFactor|MSRP,SA-cont|LW-SingleFactor|GMVP,SA-cont|LW-SingleFactor|MSRP,MVO-round-P20|LW-SingleFactor|GMVP,MVO-round-P20|LW-SingleFactor|MSRP,QUBO-P20|LW-SingleFactor|GMVP,QUBO-P20|LW-SingleFactor|MSRP,MVO-round-P100|LW-SingleFactor|GMVP,MVO-round-P100|LW-SingleFactor|MSRP,QUBO-P100|LW-SingleFactor|GMVP,QUBO-P100|LW-SingleFactor|MSRP,EqualWeight,Oracle|Realized|GMVP,Oracle|Realized|MSRP,MVO-cap10|Sample|GMVP,MVO-cap10|Sample|MSRP,MVO-cap10|EWMA|GMVP,MVO-cap10|EWMA|MSRP,MVO-cap10|LW-Identity|GMVP,MVO-cap10|LW-Identity|MSRP,MVO-cap10|LW-ConstCorr|GMVP,MVO-cap10|LW-ConstCorr|MSRP,MVO-cap10|LW-SingleFactor|GMVP,MVO-cap10|LW-SingleFactor|MSRP
1101,0.0736175622647079,0.3358335140416793,0.0736277336216564,0.3358347897013993,0.1,0.35,0.05,0.3,0.07,0.34,0.03,0.07,0.0715688413521991,0.3117872506030987,0.0716024348835028,0.311776520146183,0.1,0.3,0.1,0.3,0.07,0.31,0.07,0.07,0.0837800871326061,0.3031282995423139,0.0838305955303516,0.3031291960710885,0.1,0.3,0.1,0.05,0.08,0.3,0.03,0.15,0.0711680584844716,0.3740920096062966,0.0711201497599493,0.374079050409922,0.1,0.4,0.05,0.2,0.07,0.37,0.06,0.23,0.072087050326954,0.3424893222847665,0.0720834785653676,0.342493367144105,0.1,0.35,0.0,0.15,0.07,0.34,0.07,0.31,0.02,0.0,0.0,0.09999999999999998,0.10000000000000005,0.1,0.10000000000000002,0.1,0.09999999999999996,0.1,0.09999999999999998,0.10000000000000002,0.10000000000000002
1216,0.0,0.0,0.0,0.0,0.0,0.0,0.0,0.0,0.0,0.0,0.06,0.01,0.0,0.0,0.0,0.0,0.0,0.0,0.0,0.0,0.0,0.0,0.0,0.0,0.0,0.0,0.0,0.0,0.0,0.0,0.05,0.0,0.0,0.0,0.07,0.01,0.0,0.0,0.0,0.0,0.0,0.0,0.0,0.0,0.0,0.0,0.02,0.0,0.0,0.0,0.0,0.0,0.0,0.0,0.05,0.0,0.0,0.0,0.03,0.01,0.02,0.0,0.0,0.003344416606313899,0.0,0.0,0.0,0.0096371501678584,0.0,0.0124932661926514,0.0,0.016859355995131102,0.0
1301,0.0,0.0,0.0,0.0,0.0,0.0,0.0,0.1,0.0,0.0,0.01,0.07,0.0,0.0,0.0,0.0,0.0,0.0,0.0,0.0,0.0,0.0,0.0,0.07,0.0,0.0,0.0,0.0,0.0,0.0,0.0,0.1,0.0,0.0,0.0,0.07,0.0,0.0,0.0,0.0,0.0,0.0,0.05,0.0,0.0,0.0,0.03,0.15,0.0,0.0,0.0,0.0,0.0,0.0,0.0,0.1,0.0,0.0,0.01,0.15,0.02,0.0,0.0,0.0,0.10000000000000005,0.0,0.04952315260929291,0.0,0.09999999999999996,0.0,0.09999999999999998,0.0,0.10000000000000002
1303,0.0,0.0,0.0,0.0,0.0,0.0,0.0,0.0,0.0,0.0,0.0,0.02,0.0,0.0,0.0,0.0,0.0,0.0,0.0,0.0,0.0,0.0,0.0,0.0,0.0,0.0,0.0,0.0,0.0,0.0,0.0,0.0,0.0,0.0,0.0,0.03,0.0,0.0,0.0,0.0,0.0,0.0,0.0,0.0,0.0,0.0,0.0,0.15,0.0,0.0,0.0,0.0,0.0,0.0,0.05,0.0,0.0,0.0,0.0,0.07,0.02,0.0,0.0,0.0,0.0,0.0,0.0,0.0,0.0,0.0,0.0,0.0,0.0
2002,0.0217366976049,0.0,0.0217058929546714,0.0,0.0,0.0,0.05,0.0,0.02,0.0,0.07,0.03,0.0,0.0,0.0,0.0,0.0,0.0,0.0,0.0,0.0,0.0,0.01,0.06,0.0293906918402287,0.0,0.0293936429217064,0.0,0.05,0.0,0.0,0.0,0.03,0.0,0.01,0.03,0.0104156427129567,0.0,0.0104072477655082,0.0,0.0,0.0,0.0,0.0,0.01,0.0,0.02,0.03,0.0210859806435941,0.0,0.0210666464855417,0.0,0.0,0.0,0.0,0.0,0.02,0.0,0.0,0.03,0.02,0.0,0.0,0.04228475409868089,0.10000000000000005,0.0101530535943834,0.06751402775318001,0.0400626357825187,0.09999999999999996,0.0359582160119417,0.09999999999999998,0.040406578471017904,0.10000000000000002
2207,0.0,0.0,0.0,0.0,0.0,0.0,0.0,0.0,0.0,0.0,0.02,0.0,0.0,0.0,0.0,0.0,0.0,0.0,0.0,0.0,0.0,0.0,0.01,0.0,0.0,0.0,0.0,0.0,0.0,0.0,0.0,0.0,0.0,0.0,0.02,0.0,0.0,0.0,0.0,0.0,0.0,0.0,0.0,0.0,0.0,0.0,0.0,0.0,0.0,0.0,0.0,0.0,0.0,0.0,0.0,0.0,0.0,0.0,0.0,0.0,0.02,0.0,0.0,0.0,0.0,0.0,0.0,0.0,0.0,0.0,0.0,0.0,0.0
2301,0.0,0.0,0.0,0.0,0.0,0.0,0.0,0.0,0.0,0.0,0.0,0.02,0.0,0.0,0.0,0.0,0.0,0.0,0.0,0.1,0.0,0.0,0.02,0.03,0.0,0.0,0.0,0.0,0.0,0.0,0.0,0.05,0.0,0.0,0.0,0.02,0.0,0.0,0.0,0.0,0.0,0.0,0.0,0.0,0.0,0.0,0.01,0.0,0.0,0.0,0.0,0.0,0.0,0.0,0.0,0.0,0.0,0.0,0.0,0.01,0.02,0.0,0.0,0.0,0.010037135512680005,0.0,0.0,0.0,0.012219446292360995,0.0,0.006181623481433498,0.0,0.004811119797339201
2303,0.0121475120920212,0.0,0.0121548421461232,0.0,0.0,0.0,0.0,0.0,0.01,0.0,0.01,0.0,0.0072893127534011,0.0,0.0072316344616511,0.0,0.0,0.0,0.0,0.0,0.01,0.0,0.02,0.0,0.0096747342954537,0.0,0.0096450831424548,0.0,0.0,0.0,0.0,0.0,0.01,0.0,0.04,0.0,0.0078874908938315,0.0,0.0079198123684659,0.0,0.0,0.0,0.0,0.0,0.01,0.0,0.02,0.0,0.0068306645112144,0.0,0.0068178886601122,0.0,0.0,0.0,0.0,0.0,0.01,0.0,0.0,0.01,0.02,0.0,0.0,0.006849773572853898,0.0,0.0005158795496175,0.0,0.0103170494960221,0.0,0.0126783352883184,0.0,0.0031719970466883005,0.0
2308,0.0,0.0,0.0,0.0,0.0,0.0,0.0,0.0,0.0,0.0,0.0,0.0,0.0,0.0,0.0,0.0,0.0,0.0,0.05,0.0,0.0,0.0,0.0,0.0,0.0,0.0,0.0,0.0,0.0,0.0,0.0,0.0,0.0,0.0,0.0,0.01,0.0,0.0,0.0,0.0,0.0,0.0,0.0,0.0,0.0,0.0,0.0,0.0,0.0,0.0,0.0,0.0,0.0,0.0,0.0,0.0,0.0,0.0,0.0,0.0,0.02,0.0,0.0,0.0,0.0,0.0,0.0,0.0,0.0,0.0,0.0,0.0,0.0
2317,0.0,0.0,0.0,0.0,0.0,0.0,0.0,0.0,0.0,0.0,0.01,0.02,0.0,0.0,0.0,0.0,0.0,0.0,0.0,0.0,0.0,0.0,0.0,0.0,0.0,0.0,0.0,0.0,0.0,0.0,0.05,0.0,0.0,0.0,0.01,0.01,0.0,0.0,0.0,0.0,0.0,0.0,0.0,0.0,0.0,0.0,0.0,0.01,0.0,0.0,0.0,0.0,0.0,0.0,0.0,0.0,0.0,0.0,0.0,0.0,0.02,0.0061008205067677,0.0,0.0,0.0,0.0,0.0,0.0,0.0,0.0,0.0,0.0,0.0
2327,0.0,0.0,0.0,0.0,0.0,0.0,0.0,0.0,0.0,0.0,0.0,0.0,0.0,0.0,0.0,0.0,0.0,0.0,0.0,0.0,0.0,0.0,0.0,0.0,0.0,0.0,0.0,0.0,0.0,0.0,0.0,0.0,0.0,0.0,0.01,0.0,0.0,0.0,0.0,0.0,0.0,0.0,0.0,0.0,0.0,0.0,0.0,0.0,0.0,0.0,0.0,0.0,0.0,0.0,0.0,0.0,0.0,0.0,0.02,0.0,0.02,0.0,0.0,0.0,0.0,0.0,0.0,0.0,0.0,0.0,0.0,0.0,0.0
2330,0.0,0.0,0.0,0.0,0.0,0.0,0.0,0.0,0.0,0.0,0.0,0.0,0.0,0.0,0.0,0.0,0.0,0.0,0.0,0.0,0.0,0.0,0.01,0.0,0.0,0.0,0.0,0.0,0.0,0.0,0.0,0.0,0.0,0.0,0.0,0.01,0.0,0.0,0.0,0.0,0.0,0.0,0.0,0.0,0.0,0.0,0.0,0.01,0.0,0.0,0.0,0.0,0.0,0.0,0.0,0.0,0.0,0.0,0.0,0.0,0.02,0.0,0.0,0.0,0.0,0.0,0.0,0.0,0.0,0.0,0.0,0.0,0.0
2345,0.0,0.0464864508780509,0.0,0.0464844942696502,0.0,0.05,0.05,0.0,0.0,0.05,0.0,0.03,0.0,0.0522513305726294,0.0,0.0522488364988996,0.0,0.05,0.0,0.05,0.0,0.05,0.02,0.06,0.0,0.0567357015375325,0.0,0.0567356204671003,0.0,0.05,0.0,0.1,0.0,0.06,0.0,0.03,0.0,0.0377727359890195,0.0,0.0377688535949599,0.0,0.05,0.0,0.05,0.0,0.04,0.0,0.07,0.0,0.0401359635204265,0.0,0.0401354781498576,0.0,0.05,0.0,0.05,0.0,0.04,0.0,0.03,0.02,0.0,0.0,0.0,0.05884212934454903,0.0,0.05690127535344851,0.0,0.059733303893066574,0.0,0.05101046429809269,0.0,0.05114144672865591
2357,0.0,0.0,0.0,0.0,0.0,0.0,0.0,0.0,0.0,0.0,0.02,0.02,0.0,0.0,0.0,0.0,0.0,0.0,0.0,0.0,0.0,0.0,0.01,0.01,0.0,0.0,0.0,0.0,0.0,0.0,0.0,0.0,0.0,0.0,0.0,0.0,0.0,0.0,0.0,0.0,0.0,0.0,0.0,0.0,0.0,0.0,0.02,0.0,0.0,0.0,0.0,0.0,0.0,0.0,0.0,0.0,0.0,0.0,0.01,0.01,0.02,0.0,0.0,0.0,0.0,0.0,0.010248280767645801,0.0,0.0,0.0,0.0,0.0,0.0
2379,0.0405389871241782,0.024326534973653,0.0405470115116501,0.0243287986507036,0.05,0.0,0.0,0.0,0.04,0.02,0.05,0.02,0.0311133618223086,0.0187493158916346,0.0311227796601765,0.0187467657729411,0.05,0.05,0.0,0.05,0.03,0.02,0.0,0.0,0.0475498894484016,0.0228576520692901,0.0475772692977698,0.0228553101295789,0.05,0.05,0.05,0.0,0.05,0.02,0.07,0.01,0.0294231951942787,0.0,0.0293994161654036,0.0,0.05,0.0,0.05,0.0,0.03,0.0,0.0,0.0,0.0352068881112566,0.0125700675155564,0.0352163959235899,0.0125689556961257,0.05,0.0,0.0,0.0,0.04,0.01,0.01,0.0,0.02,0.0,0.0,0.061431576734991285,0.03200047456604181,0.0532261112901618,0.018502146484288003,0.056798360696412,0.029922640047547185,0.0451102688662368,0.013790900615708996,0.05076384300018061,0.022777418914044903
2382,0.0,0.0,0.0,0.0,0.0,0.0,0.0,0.0,0.0,0.0,0.0,0.01,0.0,0.0,0.0,0.0,0.0,0.0,0.0,0.0,0.0,0.0,0.0,0.03,0.0,0.0,0.0,0.0,0.0,0.0,0.0,0.0,0.0,0.0,0.0,0.04,0.0,0.0,0.0,0.0,0.0,0.0,0.0,0.0,0.0,0.0,0.02,0.0,0.0,0.0,0.0,0.0,0.0,0.0,0.0,0.0,0.0,0.0,0.0,0.05,0.02,0.0,0.0,0.0,0.0,0.0,0.0,0.0,0.0,0.0,0.0,0.0,0.0
2395,0.0,0.0,0.0,0.0,0.0,0.0,0.0,0.0,0.0,0.0,0.02,0.02,0.0,0.0,0.0,0.0,0.0,0.0,0.0,0.0,0.0,0.0,0.01,0.0,0.0,0.0,0.0,0.0,0.0,0.0,0.0,0.0,0.0,0.0,0.0,0.0,0.0,0.0,0.0,0.0,0.0,0.0,0.0,0.0,0.0,0.0,0.02,0.0,0.0,0.0,0.0,0.0,0.0,0.0,0.0,0.0,0.0,0.0,0.0,0.0,0.02,0.0,0.0,0.0,0.0,0.0,0.0,0.0,0.0,0.0,0.0,0.0,0.0
2412,0.5342059790352435,0.0,0.5341565681875915,0.0,0.55,0.0,0.35,0.0,0.53,0.0,0.15,0.0,0.588863765884327,0.0,0.5887973489299607,0.0,0.6,0.0,0.25,0.0,0.59,0.0,0.05,0.0,0.3053194753949632,0.0,0.3052873080568046,0.0,0.3,0.0,0.2,0.0,0.3,0.0,0.14,0.0,0.5309011348821195,0.0,0.5309354265239187,0.0,0.55,0.0,0.15,0.0,0.53,0.0,0.15,0.0,0.4994359601224072,0.0,0.4993362420777176,0.0,0.5,0.0,0.15,0.0,0.5,0.0,0.15,0.0,0.02,0.574083376794753,0.0,0.09999999999999998,0.012025781523000505,0.1,0.0,0.1,0.005976149473290598,0.1,0.044496083762763095,0.10000000000000002,0.03839330514229681
2454,0.0,0.0,0.0,0.0,0.0,0.0,0.0,0.0,0.0,0.0,0.0,0.0,0.0,0.0,0.0,0.0,0.0,0.0,0.0,0.0,0.0,0.0,0.02,0.01,0.0,0.0,0.0,0.0,0.0,0.0,0.0,0.0,0.0,0.0,0.04,0.0,0.0,0.0,0.0,0.0,0.0,0.0,0.0,0.0,0.0,0.0,0.01,0.0,0.0,0.0,0.0,0.0,0.0,0.0,0.0,0.0,0.0,0.0,0.0,0.0,0.02,0.0,0.0,0.0,0.0,0.0,0.0,0.0,0.0,0.0,0.0,0.0,0.0
2603,0.007370773229132,0.0,0.0073818955295669,0.0,0.0,0.0,0.0,0.0,0.01,0.0,0.01,0.0,0.0,0.0,0.0,0.0,0.0,0.0,0.0,0.0,0.0,0.0,0.0,0.0,0.0114678127688663,0.0,0.0115637158036573,0.0,0.0,0.0,0.0,0.0,0.01,0.0,0.01,0.0,0.0,0.0,0.0,0.0,0.0,0.0,0.0,0.0,0.0,0.0,0.0,0.0,0.0051900853404617,0.0,0.0051629109082241,0.0,0.0,0.0,0.0,0.0,0.0,0.0,0.01,0.0,0.02,0.0,0.0,0.013659920095976597,0.0,0.0038006850086429,0.0,0.0138777304153321,0.0,0.000551604996754,0.0,0.007769631253783301,0.0
2609,0.0059695507899472,0.0042120044157608,0.0059593113362116,0.0042129589773747,0.0,0.0,0.0,0.0,0.0,0.0,0.02,0.03,0.0165394355886757,0.0176075638385262,0.016544106765887,0.0176076558893063,0.0,0.0,0.1,0.0,0.02,0.02,0.01,0.03,0.003236344717916,0.0071995517716349,0.0032118019228598,0.007200357418216,0.0,0.0,0.0,0.0,0.0,0.01,0.02,0.03,0.0,0.0,0.0,0.0,0.0,0.0,0.0,0.0,0.0,0.0,0.04,0.0,0.0029145845122519,0.0,0.0029305133720666,0.0,0.0,0.0,0.0,0.0,0.0,0.0,0.0,0.02,0.02,0.0049468112050965,0.0,0.0,0.008698793955704904,0.0222189549277329,0.023892200240621005,0.0007117653584305,0.009932948693602894,0.0,0.0,0.0,0.004485294712020101
2615,0.0,0.0,0.0,0.0,0.0,0.0,0.0,0.0,0.0,0.0,0.0,0.0,0.0,0.0,0.0,0.0,0.0,0.0,0.0,0.0,0.0,0.0,0.0,0.0,0.0,0.0,0.0,0.0,0.0,0.0,0.0,0.0,0.0,0.0,0.0,0.01,0.0,0.0,0.0,0.0,0.0,0.0,0.0,0.0,0.0,0.0,0.0,0.0,0.0,0.0,0.0,0.0,0.0,0.0,0.0,0.0,0.0,0.0,0.0,0.0,0.02,0.0,0.0700180696893359,0.0,0.0,0.0,0.0,0.0,0.0,0.0,0.0,0.0,0.0
2880,0.0,0.0,0.0,0.0,0.0,0.0,0.0,0.0,0.0,0.0,0.02,0.05,0.0,0.0,0.0,0.0,0.0,0.0,0.05,0.05,0.0,0.0,0.0,0.01,0.0,0.0,0.0,0.0,0.0,0.0,0.0,0.0,0.0,0.0,0.04,0.0,0.0,0.0,0.0,0.0,0.0,0.0,0.05,0.0,0.0,0.0,0.01,0.0,0.0,0.0,0.0,0.0,0.0,0.0,0.0,0.0,0.0,0.0,0.03,0.0,0.02,0.0,0.0,0.0,0.0,0.0,0.03821465633065671,0.0,0.0,0.0,0.020889013691062896,0.0,0.0
2881,0.0,0.0,0.0,0.0,0.0,0.0,0.0,0.0,0.0,0.0,0.01,0.0,0.0,0.0,0.0,0.0,0.0,0.0,0.0,0.0,0.0,0.0,0.0,0.01,0.0,0.0,0.0,0.0,0.0,0.0,0.0,0.0,0.0,0.0,0.02,0.0,0.0,0.0,0.0,0.0,0.0,0.0,0.0,0.0,0.0,0.0,0.0,0.0,0.0,0.0,0.0,0.0,0.0,0.0,0.0,0.0,0.0,0.0,0.0,0.0,0.02,0.0,0.0,0.0,0.0,0.0,0.0,0.0,0.0,0.0,0.0,0.0,0.0
2882,0.0,0.0,0.0,0.0,0.0,0.0,0.0,0.0,0.0,0.0,0.0,0.0,0.0,0.0,0.0,0.0,0.0,0.0,0.0,0.0,0.0,0.0,0.0,0.0,0.0,0.0,0.0,0.0,0.0,0.0,0.0,0.0,0.0,0.0,0.01,0.0,0.0,0.0,0.0,0.0,0.0,0.0,0.0,0.0,0.0,0.0,0.01,0.0,0.0,0.0,0.0,0.0,0.0,0.0,0.0,0.0,0.0,0.0,0.01,0.0,0.02,0.0,0.0,0.0,0.0,0.0,0.0,0.0,0.0,0.0,0.0,0.0,0.0
2883,0.0,0.0,0.0,0.0,0.0,0.0,0.0,0.05,0.0,0.0,0.03,0.02,0.0,0.0,0.0,0.0,0.0,0.0,0.0,0.0,0.0,0.0,0.01,0.0,0.0,0.0,0.0,0.0,0.0,0.0,0.0,0.0,0.0,0.0,0.01,0.01,0.0,0.0,0.0,0.0,0.0,0.0,0.0,0.05,0.0,0.0,0.0,0.01,0.0,0.0,0.0,0.0,0.0,0.0,0.0,0.0,0.0,0.0,0.03,0.01,0.02,0.0,0.0,0.0,0.003492322147638602,0.0,0.0,0.0,0.011562926866602895,0.0,0.022257385579244497,0.0,0.0027065926733309004
2884,0.0,0.0,0.0,0.0,0.0,0.0,0.0,0.0,0.0,0.0,0.04,0.0,0.0,0.0,0.0,0.0,0.0,0.0,0.0,0.0,0.0,0.0,0.06,0.01,0.0,0.0,0.0,0.0,0.0,0.0,0.0,0.0,0.0,0.0,0.03,0.0,0.0,0.0,0.0,0.0,0.0,0.0,0.0,0.0,0.0,0.0,0.07,0.0,0.0,0.0,0.0,0.0,0.0,0.0,0.0,0.0,0.0,0.0,0.0,0.0,0.02,0.0,0.0,0.0,0.0,0.0,0.0,0.0041773149817085,0.0,0.0132821184297707,0.0,0.0,0.0
2885,0.0,0.0,0.0,0.0,0.0,0.0,0.05,0.0,0.0,0.0,0.02,0.01,0.0,0.0,0.0,0.0,0.0,0.0,0.05,0.0,0.0,0.0,0.0,0.03,0.0,0.0,0.0,0.0,0.0,0.0,0.0,0.0,0.0,0.0,0.01,0.01,0.0,0.0,0.0,0.0,0.0,0.0,0.05,0.0,0.0,0.0,0.06,0.0,0.0,0.0,0.0,0.0,0.0,0.0,0.0,0.0,0.0,0.0,0.01,0.0,0.02,0.0,0.0,0.0,0.0,0.0,0.0,0.0,0.0,0.0,0.0,0.0,0.0
2886,0.0162004425568334,0.0,0.0163682934439211,0.0,0.0,0.0,0.05,0.0,0.02,0.0,0.02,0.0,0.0488231474023894,0.0,0.0488125841429686,0.0,0.05,0.0,0.0,0.0,0.05,0.0,0.07,0.02,0.045786449431837,0.0,0.0457459784404139,0.0,0.05,0.0,0.1,0.0,0.05,0.0,0.06,0.01,0.0123499219809772,0.0,0.0124721037027372,0.0,0.0,0.0,0.15,0.0,0.01,0.0,0.07,0.0,0.0204214418162725,0.0,0.0203416239140321,0.0,0.0,0.0,0.05,0.0,0.02,0.0,0.02,0.0,0.02,0.0,0.0,0.09999999999999998,0.0,0.1,0.0,0.0825746161574132,0.0,0.1,0.0,0.10000000000000002,0.0
2887,0.0,0.0,0.0,0.0,0.0,0.0,0.0,0.05,0.0,0.0,0.02,0.04,0.0127385849026514,0.0,0.0128908278327968,0.0,0.0,0.0,0.1,0.0,0.01,0.0,0.01,0.0,0.0077946874832377,0.0,0.0077798948584279,0.0,0.0,0.0,0.05,0.05,0.01,0.0,0.01,0.02,0.0,0.0,0.0,0.0,0.0,0.0,0.0,0.0,0.0,0.0,0.01,0.0,0.0,0.0,0.0,0.0,0.0,0.0,0.0,0.0,0.0,0.0,0.0,0.0,0.02,0.0,0.0,0.014556515465803497,0.10000000000000005,0.0350010421833326,0.10000000000000002,0.0203522329291286,0.09999999999999996,0.0368041789852405,0.09999999999999998,0.021540905921664404,0.10000000000000002
2890,0.0,0.0,0.0,0.0,0.0,0.0,0.0,0.0,0.0,0.0,0.01,0.01,0.0,0.0,0.0,0.0,0.0,0.0,0.0,0.0,0.0,0.0,0.0,0.03,0.0,0.0,0.0,0.0,0.0,0.0,0.0,0.0,0.0,0.0,0.0,0.01,0.0,0.0,0.0,0.0,0.0,0.0,0.0,0.0,0.0,0.0,0.02,0.0,0.0,0.0,0.0,0.0,0.0,0.0,0.05,0.0,0.0,0.0,0.06,0.0,0.02,0.0,0.0,0.0,0.030108496901580913,0.0,0.046797316555806504,0.0,0.031135799480329088,0.0,0.04962824134565939,0.0,0.03576241656160171
2891,0.0,0.0,0.0,0.0,0.0,0.0,0.0,0.0,0.0,0.0,0.0,0.03,0.0,0.0,0.0,0.0,0.0,0.0,0.0,0.0,0.0,0.0,0.0,0.06,0.0,0.0,0.0,0.0,0.0,0.0,0.0,0.0,0.0,0.0,0.0,0.01,0.0,0.0,0.0,0.0,0.0,0.0,0.0,0.05,0.0,0.0,0.0,0.0,0.0,0.0,0.0,0.0,0.0,0.0,0.0,0.0,0.0,0.0,0.03,0.0,0.02,0.0,0.0,0.0,0.03504643977242091,0.0,0.10000000000000002,0.0,0.03506999151914899,0.0,0.045674508423250194,0.0,0.032353490293570104
2892,0.0359890178447589,0.0,0.0358650212763529,0.0,0.05,0.0,0.05,0.0,0.04,0.0,0.02,0.0,0.0078158289301892,0.0,0.0076469902314502,0.0,0.0,0.0,0.0,0.0,0.01,0.0,0.06,0.0,0.0700923580116112,0.0,0.0701815448572246,0.0,0.1,0.0,0.1,0.0,0.07,0.0,0.04,0.0,0.0601484230443804,0.0,0.0601305169436445,0.0,0.05,0.0,0.05,0.05,0.06,0.0,0.05,0.0,0.0501431842098632,0.0,0.0501547027732924,0.0,0.05,0.0,0.05,0.0,0.05,0.0,0.02,0.0,0.02,0.0,0.0,0.09999999999999998,0.0,0.1,0.0,0.1,0.0,0.1,0.0,0.10000000000000002,0.0
2912,0.1470853809877706,0.2967399530834415,0.1471043750531775,0.2967393150275379,0.15,0.3,0.1,0.0,0.15,0.3,0.07,0.03,0.1481482983201392,0.3329578803092675,0.1482014034974055,0.3329452527933442,0.15,0.35,0.15,0.25,0.15,0.33,0.06,0.15,0.1500041577657857,0.26141077970993,0.1500769402429874,0.2614135578298708,0.15,0.25,0.1,0.0,0.15,0.26,0.07,0.06,0.134509400933342,0.3022960336491569,0.1344938499676102,0.3022912915434833,0.15,0.3,0.15,0.1,0.13,0.3,0.14,0.01,0.1445988701936674,0.2989091991246568,0.1445437927110413,0.2989153146615092,0.15,0.3,0.15,0.05,0.14,0.3,0.14,0.07,0.02,0.0,0.0,0.09999999999999998,0.10000000000000005,0.1,0.10000000000000002,0.1,0.09999999999999996,0.1,0.09999999999999998,0.10000000000000002,0.10000000000000002
3008,0.0072881626341937,0.0,0.0072655849822526,0.0,0.0,0.0,0.0,0.0,0.01,0.0,0.01,0.02,0.0044159176058131,0.0030373859678364,0.0044299627337892,0.003044274386353,0.0,0.0,0.0,0.0,0.0,0.0,0.01,0.04,0.0100392658435617,0.0,0.0100573544404376,0.0,0.0,0.0,0.0,0.0,0.01,0.0,0.0,0.01,0.0016829850236861,0.0,0.0016684006192518,0.0,0.0,0.0,0.0,0.0,0.0,0.0,0.0,0.0,0.0073159574805265,0.0,0.0073225087130845,0.0,0.0,0.0,0.0,0.0,0.01,0.0,0.02,0.0,0.02,0.0,0.0,0.012775724371375696,0.02307244339035961,0.0153404400621438,0.032609789623433603,0.013028477421302,0.023603747359591188,0.0055064781705464,0.012410410991880496,0.010822028692300702,0.020029909293081405
3017,0.0016885500127281,0.0,0.0016831685334019,0.0,0.0,0.0,0.0,0.0,0.0,0.0,0.0,0.0,0.0,0.0,0.0,0.0,0.0,0.0,0.0,0.0,0.0,0.0,0.0,0.0,0.0012263906806941,0.0,0.0012659173025855,0.0,0.0,0.0,0.0,0.0,0.0,0.0,0.0,0.0,0.0,0.0,0.0,0.0,0.0,0.0,0.0,0.0,0.0,0.0,0.0,0.0,0.0,0.0,0.0,0.0,0.0,0.0,0.0,0.0,0.0,0.0,0.0,0.0,0.02,0.0,0.1817715962495809,0.0,0.0,0.0,0.0,0.0,0.0,0.0,0.0,0.0,0.0
3034,0.006118807433387,0.0,0.0061334511536255,0.0,0.0,0.0,0.0,0.0,0.01,0.0,0.07,0.01,0.0,0.0,0.0,0.0,0.0,0.0,0.0,0.0,0.0,0.0,0.04,0.0,0.0121184847217569,0.0,0.0120805564581323,0.0,0.0,0.0,0.0,0.0,0.01,0.0,0.0,0.0,0.0067315409074677,0.0,0.0067077230221752,0.0,0.0,0.0,0.0,0.0,0.01,0.0,0.01,0.0,0.0082771273184922,0.0,0.0082903301833573,0.0,0.0,0.0,0.05,0.0,0.01,0.0,0.0,0.0,0.02,0.0,0.0,0.016346150827833295,0.0,0.0056917292924552,0.0,0.0171060984658209,0.0,0.0183360830107419,0.0,0.020041681437000903,0.0
3037,0.0,0.0,0.0,0.0,0.0,0.0,0.0,0.0,0.0,0.0,0.01,0.0,0.0,0.0,0.0,0.0,0.0,0.0,0.0,0.0,0.0,0.0,0.0,0.0,0.0,0.0,0.0,0.0,0.0,0.0,0.0,0.0,0.0,0.0,0.0,0.0,0.0,0.0,0.0,0.0,0.0,0.0,0.0,0.0,0.0,0.0,0.0,0.0,0.0,0.0,0.0,0.0,0.0,0.0,0.0,0.0,0.0,0.0,0.01,0.0,0.02,0.0,0.0,0.0,0.0,0.0,0.0,0.0,0.0,0.0,0.0,0.0,0.0
3045,0.0,0.0,0.0,0.0,0.0,0.0,0.05,0.0,0.0,0.0,0.07,0.0,0.0,0.0,0.0,0.0,0.0,0.0,0.05,0.05,0.0,0.0,0.1,0.0,0.05640317790273,0.0,0.0563776045043566,0.0,0.05,0.0,0.05,0.0,0.06,0.0,0.07,0.01,0.0060415904163581,0.0,0.0060889402145844,0.0,0.0,0.0,0.05,0.0,0.01,0.0,0.01,0.0,0.0237295006104858,0.0,0.0238321462775136,0.0,0.05,0.0,0.15,0.0,0.02,0.0,0.07,0.0,0.02,0.3998225132199357,0.0,0.09999999999999998,0.04743538602410612,0.1,0.007819912652499502,0.1,0.03989214939029768,0.1,0.004701498743012799,0.10000000000000002,0.052257075702923206
3231,0.0,0.0,0.0,0.0,0.0,0.0,0.0,0.0,0.0,0.0,0.0,0.0,0.0,0.0,0.0,0.0,0.0,0.0,0.0,0.0,0.0,0.0,0.0,0.0,0.0,0.0,0.0,0.0,0.0,0.0,0.0,0.0,0.0,0.0,0.02,0.0,0.0,0.0,0.0,0.0,0.0,0.0,0.0,0.0,0.0,0.0,0.0,0.0,0.0,0.0,0.0,0.0,0.0,0.0,0.05,0.0,0.0,0.0,0.02,0.0,0.02,0.0,0.0,0.0,0.0,0.0,0.0,0.0,0.0,0.0,0.0,0.0,0.0
3661,0.0082719141586517,0.0,0.0082823418744441,0.0,0.0,0.0,0.0,0.0,0.01,0.0,0.01,0.0,0.0080132098692628,0.0,0.0080115010704289,0.0,0.0,0.0,0.0,0.0,0.01,0.0,0.01,0.0,0.0097922478118588,0.0,0.0097587684853695,0.0,0.0,0.0,0.0,0.0,0.01,0.0,0.0,0.0,0.0,0.0,0.0,0.0,0.0,0.0,0.0,0.0,0.0,0.0,0.0,0.0,0.0056530303780086,0.0,0.0056529651214794,0.0,0.0,0.0,0.0,0.0,0.01,0.0,0.0,0.0,0.02,0.0150464782734471,0.0,0.010024547944719298,0.0,0.0107828400145246,0.0,0.010631993790898,0.0,0.0,0.0,0.006533148414236701,0.0
3711,0.0,0.0,0.0,0.0,0.0,0.0,0.0,0.0,0.0,0.0,0.0,0.0,0.0,0.0,0.0,0.0,0.0,0.0,0.0,0.0,0.0,0.0,0.0,0.0,0.0,0.0,0.0,0.0,0.0,0.0,0.0,0.0,0.0,0.0,0.0,0.0,0.0,0.0,0.0,0.0,0.0,0.0,0.0,0.0,0.0,0.0,0.0,0.0,0.0,0.0,0.0,0.0,0.0,0.0,0.0,0.0,0.0,0.0,0.02,0.0,0.02,0.0,0.0,0.0,0.0,0.0,0.0,0.0,0.0,0.0,0.0,0.0,0.0
4904,0.0817706622315468,0.1008525575584916,0.0817645083953527,0.1008469795159508,0.1,0.1,0.0,0.15,0.08,0.1,0.02,0.07,0.0517336878409814,0.1478029416608133,0.0517724551454092,0.1478292229859283,0.05,0.15,0.05,0.0,0.05,0.15,0.11,0.06,0.0979796657753699,0.1069594939575824,0.0979362295028627,0.1069607375281454,0.1,0.1,0.15,0.1,0.1,0.11,0.06,0.01,0.0645289275712515,0.0716201238506717,0.0645066491048565,0.0716340627569052,0.05,0.05,0.15,0.05,0.07,0.07,0.05,0.0,0.0814876362108894,0.1085990941973187,0.0814935637620863,0.108592779064749,0.1,0.1,0.0,0.0,0.08,0.11,0.06,0.01,0.02,0.0,0.0,0.09999999999999998,0.10000000000000005,0.1,0.10000000000000002,0.1,0.09999999999999996,0.1,0.09999999999999998,0.10000000000000002,0.10000000000000002
4938,0.0,0.0,0.0,0.0,0.0,0.0,0.0,0.0,0.0,0.0,0.01,0.0,0.0,0.0,0.0,0.0,0.0,0.0,0.0,0.0,0.0,0.0,0.02,0.0,0.0,0.0,0.0,0.0,0.0,0.0,0.0,0.0,0.0,0.0,0.0,0.0,0.0,0.0,0.0,0.0,0.0,0.0,0.0,0.0,0.0,0.0,0.01,0.0,0.0,0.0,0.0,0.0,0.0,0.0,0.0,0.0,0.0,0.0,0.0,0.0,0.02,0.0,0.0,0.0,0.0,0.0,0.0,0.0,0.0,0.0,0.0,0.0,0.0
5871,0.0,0.0,0.0,0.0,0.0,0.0,0.0,0.0,0.0,0.0,0.0,0.0,0.0,0.0,0.0,0.0,0.0,0.0,0.0,0.05,0.0,0.0,0.02,0.0,0.0,0.0,0.0,0.0,0.0,0.0,0.0,0.0,0.0,0.0,0.0,0.0,0.0,0.0,0.0,0.0,0.0,0.0,0.0,0.0,0.0,0.0,0.01,0.0,0.0,0.0,0.0,0.0,0.0,0.0,0.0,0.0,0.0,0.0,0.0,0.0,0.02,0.0,0.0,0.0,0.0,0.0,0.0,0.0,0.0,0.0,0.0,0.0,0.0
5876,0.0,0.0,0.0,0.0,0.0,0.0,0.1,0.0,0.0,0.0,0.02,0.0,0.0,0.0,0.0,0.0,0.0,0.0,0.0,0.0,0.0,0.0,0.07,0.02,0.0014037351660708,0.0,0.0013950022122959,0.0,0.0,0.0,0.0,0.0,0.0,0.0,0.02,0.0,0.0,0.0,0.0,0.0,0.0,0.0,0.05,0.0,0.0,0.0,0.02,0.0,0.0,0.0,0.0,0.0,0.0,0.0,0.05,0.0,0.0,0.0,0.06,0.0,0.02,0.0,0.3139308101924554,0.015409972378229797,0.0,0.035211075479818,0.019939327845072602,0.0201569621835801,0.0,0.0192794500477983,0.0,0.020904724120211705,0.0
5880,0.0,0.0,0.0,0.0,0.0,0.0,0.0,0.0,0.0,0.0,0.03,0.0,0.0,0.0,0.0,0.0,0.0,0.0,0.05,0.0,0.0,0.0,0.02,0.01,0.0469403438070506,0.0,0.0468347920193009,0.0,0.05,0.0,0.0,0.0,0.05,0.0,0.03,0.0,0.0642116879548779,0.0,0.064149763841894,0.0,0.05,0.0,0.0,0.0,0.06,0.0,0.02,0.0,0.0156220382136532,0.0,0.0157542905514926,0.0,0.0,0.0,0.15,0.0,0.02,0.0,0.07,0.0,0.02,0.0,0.0,0.09999999999999998,0.0,0.1,0.0,0.0964262025704313,0.0,0.1,0.0,0.10000000000000002,0.0
6446,0.0,0.0013656723177477,0.0,0.0013655375564029,0.0,0.0,0.0,0.05,0.0,0.0,0.01,0.03,0.0029366077276621,0.0092148054666475,0.0029359706445729,0.0092143311930353,0.0,0.0,0.0,0.0,0.0,0.01,0.01,0.03,0.0,0.0084460278054711,0.0,0.0084477010953648,0.0,0.0,0.0,0.05,0.0,0.01,0.0,0.07,0.0,0.0,0.0,0.0,0.0,0.0,0.0,0.05,0.0,0.0,0.01,0.03,0.0,0.0019320502138902,0.0,0.0019323668058239,0.0,0.0,0.0,0.05,0.0,0.0,0.01,0.06,0.02,0.0,0.0,0.003316647903221899,0.03924059686191722,0.0080581885971873,0.028037913784054805,0.0041414095831437,0.04095089698416198,0.0,0.028959869067891494,0.0011861056477842002,0.03528193018113571
6505,0.0,0.1901833127311747,0.0,0.1901871263009803,0.0,0.2,0.1,0.3,0.0,0.19,0.0,0.31,0.0,0.1065915256895457,0.0,0.1065871403340088,0.0,0.1,0.0,0.1,0.0,0.11,0.05,0.15,0.0,0.2332624936062451,0.0,0.2332575194606349,0.0,0.25,0.0,0.5,0.0,0.23,0.03,0.31,0.0,0.214219096904855,0.0,0.2142267416947295,0.0,0.2,0.0,0.4,0.0,0.22,0.0,0.3,0.0,0.1953643031433844,0.0,0.1953617384778295,0.0,0.2,0.0,0.6,0.0,0.2,0.0,0.15,0.02,0.0,0.0,0.0,0.10000000000000005,0.0,0.10000000000000002,0.0,0.09999999999999996,0.0,0.09999999999999998,0.0,0.10000000000000002
6669,0.0,0.0,0.0,0.0,0.0,0.0,0.0,0.0,0.0,0.0,0.0,0.0,0.0,0.0,0.0,0.0,0.0,0.0,0.0,0.0,0.0,0.0,0.01,0.0,0.0,0.0,0.0,0.0,0.0,0.0,0.0,0.0,0.0,0.0,0.0,0.0,0.0,0.0,0.0,0.0,0.0,0.0,0.0,0.0,0.0,0.0,0.0,0.0,0.0,0.0,0.0,0.0,0.0,0.0,0.0,0.0,0.0,0.0,0.0,0.0,0.02,0.0,0.4342795238686278,0.0,0.0,0.0,0.0,0.0,0.0,0.0,0.0,0.0,0.0
